MatchID,inning,batting_team,bowling_team,over,Ball
1,2,"Royal Challengers Bangalore","Sunrisers Hyderabad",20,4
1,2,"Royal Challengers Bangalore","Sunrisers Hyderabad",20,3
1,2,"Royal Challengers Bangalore","Sunrisers Hyderabad",20,2
1,2,"Royal Challengers Bangalore","Sunrisers Hyderabad",20,1
1,2,"Royal Challengers Bangalore","Sunrisers Hyderabad",19,6
1,2,"Royal Challengers Bangalore","Sunrisers Hyderabad",19,5
1,2,"Royal Challengers Bangalore","Sunrisers Hyderabad",19,4
1,2,"Royal Challengers Bangalore","Sunrisers Hyderabad",19,3
1,2,"Royal Challengers Bangalore","Sunrisers Hyderabad",19,2
1,2,"Royal Challengers Bangalore","Sunrisers Hyderabad",19,1
1,2,"Royal Challengers Bangalore","Sunrisers Hyderabad",18,6
1,2,"Royal Challengers Bangalore","Sunrisers Hyderabad",18,5
1,2,"Royal Challengers Bangalore","Sunrisers Hyderabad",18,4
1,2,"Royal Challengers Bangalore","Sunrisers Hyderabad",18,3
1,2,"Royal Challengers Bangalore","Sunrisers Hyderabad",18,2
1,2,"Royal Challengers Bangalore","Sunrisers Hyderabad",18,1
1,2,"Royal Challengers Bangalore","Sunrisers Hyderabad",17,6
1,2,"Royal Challengers Bangalore","Sunrisers Hyderabad",17,5
1,2,"Royal Challengers Bangalore","Sunrisers Hyderabad",17,4
1,2,"Royal Challengers Bangalore","Sunrisers Hyderabad",17,3
1,2,"Royal Challengers Bangalore","Sunrisers Hyderabad",17,2
1,2,"Royal Challengers Bangalore","Sunrisers Hyderabad",17,1
1,2,"Royal Challengers Bangalore","Sunrisers Hyderabad",16,6
1,2,"Royal Challengers Bangalore","Sunrisers Hyderabad",16,5
1,2,"Royal Challengers Bangalore","Sunrisers Hyderabad",16,4
1,2,"Royal Challengers Bangalore","Sunrisers Hyderabad",16,3
1,2,"Royal Challengers Bangalore","Sunrisers Hyderabad",16,2
1,2,"Royal Challengers Bangalore","Sunrisers Hyderabad",16,1
1,2,"Royal Challengers Bangalore","Sunrisers Hyderabad",15,6
1,2,"Royal Challengers Bangalore","Sunrisers Hyderabad",15,5
1,2,"Royal Challengers Bangalore","Sunrisers Hyderabad",15,4
1,2,"Royal Challengers Bangalore","Sunrisers Hyderabad",15,3
1,2,"Royal Challengers Bangalore","Sunrisers Hyderabad",15,2
1,2,"Royal Challengers Bangalore","Sunrisers Hyderabad",15,1
1,2,"Royal Challengers Bangalore","Sunrisers Hyderabad",14,6
1,2,"Royal Challengers Bangalore","Sunrisers Hyderabad",14,5
1,2,"Royal Challengers Bangalore","Sunrisers Hyderabad",14,4
1,2,"Royal Challengers Bangalore","Sunrisers Hyderabad",14,3
1,2,"Royal Challengers Bangalore","Sunrisers Hyderabad",14,2
1,2,"Royal Challengers Bangalore","Sunrisers Hyderabad",14,1
1,2,"Royal Challengers Bangalore","Sunrisers Hyderabad",13,6
1,2,"Royal Challengers Bangalore","Sunrisers Hyderabad",13,5
1,2,"Royal Challengers Bangalore","Sunrisers Hyderabad",13,4
1,2,"Royal Challengers Bangalore","Sunrisers Hyderabad",13,3
1,2,"Royal Challengers Bangalore","Sunrisers Hyderabad",13,2
1,2,"Royal Challengers Bangalore","Sunrisers Hyderabad",13,1
1,2,"Royal Challengers Bangalore","Sunrisers Hyderabad",12,6
1,2,"Royal Challengers Bangalore","Sunrisers Hyderabad",12,5
1,2,"Royal Challengers Bangalore","Sunrisers Hyderabad",12,4
1,2,"Royal Challengers Bangalore","Sunrisers Hyderabad",12,3
1,2,"Royal Challengers Bangalore","Sunrisers Hyderabad",12,2
1,2,"Royal Challengers Bangalore","Sunrisers Hyderabad",12,1
1,2,"Royal Challengers Bangalore","Sunrisers Hyderabad",11,7
1,2,"Royal Challengers Bangalore","Sunrisers Hyderabad",11,6
1,2,"Royal Challengers Bangalore","Sunrisers Hyderabad",11,5
1,2,"Royal Challengers Bangalore","Sunrisers Hyderabad",11,4
1,2,"Royal Challengers Bangalore","Sunrisers Hyderabad",11,3
1,2,"Royal Challengers Bangalore","Sunrisers Hyderabad",11,2
1,2,"Royal Challengers Bangalore","Sunrisers Hyderabad",11,1
1,2,"Royal Challengers Bangalore","Sunrisers Hyderabad",10,7
1,2,"Royal Challengers Bangalore","Sunrisers Hyderabad",10,6
1,2,"Royal Challengers Bangalore","Sunrisers Hyderabad",10,5
1,2,"Royal Challengers Bangalore","Sunrisers Hyderabad",10,4
1,2,"Royal Challengers Bangalore","Sunrisers Hyderabad",10,3
1,2,"Royal Challengers Bangalore","Sunrisers Hyderabad",10,2
1,2,"Royal Challengers Bangalore","Sunrisers Hyderabad",10,1
1,2,"Royal Challengers Bangalore","Sunrisers Hyderabad",9,7
1,2,"Royal Challengers Bangalore","Sunrisers Hyderabad",9,6
1,2,"Royal Challengers Bangalore","Sunrisers Hyderabad",9,5
1,2,"Royal Challengers Bangalore","Sunrisers Hyderabad",9,4
1,2,"Royal Challengers Bangalore","Sunrisers Hyderabad",9,3
1,2,"Royal Challengers Bangalore","Sunrisers Hyderabad",9,2
1,2,"Royal Challengers Bangalore","Sunrisers Hyderabad",9,1
1,2,"Royal Challengers Bangalore","Sunrisers Hyderabad",8,6
1,2,"Royal Challengers Bangalore","Sunrisers Hyderabad",8,5
1,2,"Royal Challengers Bangalore","Sunrisers Hyderabad",8,4
1,2,"Royal Challengers Bangalore","Sunrisers Hyderabad",8,3
1,2,"Royal Challengers Bangalore","Sunrisers Hyderabad",8,2
1,2,"Royal Challengers Bangalore","Sunrisers Hyderabad",8,1
1,2,"Royal Challengers Bangalore","Sunrisers Hyderabad",7,6
1,2,"Royal Challengers Bangalore","Sunrisers Hyderabad",7,5
1,2,"Royal Challengers Bangalore","Sunrisers Hyderabad",7,4
1,2,"Royal Challengers Bangalore","Sunrisers Hyderabad",7,3
1,2,"Royal Challengers Bangalore","Sunrisers Hyderabad",7,2
1,2,"Royal Challengers Bangalore","Sunrisers Hyderabad",7,1
1,2,"Royal Challengers Bangalore","Sunrisers Hyderabad",6,6
1,2,"Royal Challengers Bangalore","Sunrisers Hyderabad",6,5
1,2,"Royal Challengers Bangalore","Sunrisers Hyderabad",6,4
1,2,"Royal Challengers Bangalore","Sunrisers Hyderabad",6,3
1,2,"Royal Challengers Bangalore","Sunrisers Hyderabad",6,2
1,2,"Royal Challengers Bangalore","Sunrisers Hyderabad",6,1
1,2,"Royal Challengers Bangalore","Sunrisers Hyderabad",5,7
1,2,"Royal Challengers Bangalore","Sunrisers Hyderabad",5,6
1,2,"Royal Challengers Bangalore","Sunrisers Hyderabad",5,5
1,2,"Royal Challengers Bangalore","Sunrisers Hyderabad",5,4
1,2,"Royal Challengers Bangalore","Sunrisers Hyderabad",5,3
1,2,"Royal Challengers Bangalore","Sunrisers Hyderabad",5,2
1,2,"Royal Challengers Bangalore","Sunrisers Hyderabad",5,1
1,2,"Royal Challengers Bangalore","Sunrisers Hyderabad",4,7
1,2,"Royal Challengers Bangalore","Sunrisers Hyderabad",4,6
1,2,"Royal Challengers Bangalore","Sunrisers Hyderabad",4,5
1,2,"Royal Challengers Bangalore","Sunrisers Hyderabad",4,4
1,2,"Royal Challengers Bangalore","Sunrisers Hyderabad",4,3
1,2,"Royal Challengers Bangalore","Sunrisers Hyderabad",4,2
1,2,"Royal Challengers Bangalore","Sunrisers Hyderabad",4,1
1,2,"Royal Challengers Bangalore","Sunrisers Hyderabad",3,6
1,2,"Royal Challengers Bangalore","Sunrisers Hyderabad",3,5
1,2,"Royal Challengers Bangalore","Sunrisers Hyderabad",3,4
1,2,"Royal Challengers Bangalore","Sunrisers Hyderabad",3,3
1,2,"Royal Challengers Bangalore","Sunrisers Hyderabad",3,2
1,2,"Royal Challengers Bangalore","Sunrisers Hyderabad",3,1
1,2,"Royal Challengers Bangalore","Sunrisers Hyderabad",2,6
1,2,"Royal Challengers Bangalore","Sunrisers Hyderabad",2,5
1,2,"Royal Challengers Bangalore","Sunrisers Hyderabad",2,4
1,2,"Royal Challengers Bangalore","Sunrisers Hyderabad",2,3
1,2,"Royal Challengers Bangalore","Sunrisers Hyderabad",2,2
1,2,"Royal Challengers Bangalore","Sunrisers Hyderabad",2,1
1,2,"Royal Challengers Bangalore","Sunrisers Hyderabad",1,6
1,2,"Royal Challengers Bangalore","Sunrisers Hyderabad",1,5
1,2,"Royal Challengers Bangalore","Sunrisers Hyderabad",1,4
1,2,"Royal Challengers Bangalore","Sunrisers Hyderabad",1,3
1,2,"Royal Challengers Bangalore","Sunrisers Hyderabad",1,2
1,2,"Royal Challengers Bangalore","Sunrisers Hyderabad",1,1
1,1,"Sunrisers Hyderabad","Royal Challengers Bangalore",20,6
1,1,"Sunrisers Hyderabad","Royal Challengers Bangalore",20,5
1,1,"Sunrisers Hyderabad","Royal Challengers Bangalore",20,4
1,1,"Sunrisers Hyderabad","Royal Challengers Bangalore",20,3
1,1,"Sunrisers Hyderabad","Royal Challengers Bangalore",20,2
1,1,"Sunrisers Hyderabad","Royal Challengers Bangalore",20,1
1,1,"Sunrisers Hyderabad","Royal Challengers Bangalore",19,6
1,1,"Sunrisers Hyderabad","Royal Challengers Bangalore",19,5
1,1,"Sunrisers Hyderabad","Royal Challengers Bangalore",19,4
1,1,"Sunrisers Hyderabad","Royal Challengers Bangalore",19,3
1,1,"Sunrisers Hyderabad","Royal Challengers Bangalore",19,2
1,1,"Sunrisers Hyderabad","Royal Challengers Bangalore",19,1
1,1,"Sunrisers Hyderabad","Royal Challengers Bangalore",18,8
1,1,"Sunrisers Hyderabad","Royal Challengers Bangalore",18,7
1,1,"Sunrisers Hyderabad","Royal Challengers Bangalore",18,6
1,1,"Sunrisers Hyderabad","Royal Challengers Bangalore",18,5
1,1,"Sunrisers Hyderabad","Royal Challengers Bangalore",18,4
1,1,"Sunrisers Hyderabad","Royal Challengers Bangalore",18,3
1,1,"Sunrisers Hyderabad","Royal Challengers Bangalore",18,2
1,1,"Sunrisers Hyderabad","Royal Challengers Bangalore",18,1
1,1,"Sunrisers Hyderabad","Royal Challengers Bangalore",17,6
1,1,"Sunrisers Hyderabad","Royal Challengers Bangalore",17,5
1,1,"Sunrisers Hyderabad","Royal Challengers Bangalore",17,4
1,1,"Sunrisers Hyderabad","Royal Challengers Bangalore",17,3
1,1,"Sunrisers Hyderabad","Royal Challengers Bangalore",17,2
1,1,"Sunrisers Hyderabad","Royal Challengers Bangalore",17,1
1,1,"Sunrisers Hyderabad","Royal Challengers Bangalore",16,6
1,1,"Sunrisers Hyderabad","Royal Challengers Bangalore",16,5
1,1,"Sunrisers Hyderabad","Royal Challengers Bangalore",16,4
1,1,"Sunrisers Hyderabad","Royal Challengers Bangalore",16,3
1,1,"Sunrisers Hyderabad","Royal Challengers Bangalore",16,2
1,1,"Sunrisers Hyderabad","Royal Challengers Bangalore",16,1
1,1,"Sunrisers Hyderabad","Royal Challengers Bangalore",15,6
1,1,"Sunrisers Hyderabad","Royal Challengers Bangalore",15,5
1,1,"Sunrisers Hyderabad","Royal Challengers Bangalore",15,4
1,1,"Sunrisers Hyderabad","Royal Challengers Bangalore",15,3
1,1,"Sunrisers Hyderabad","Royal Challengers Bangalore",15,2
1,1,"Sunrisers Hyderabad","Royal Challengers Bangalore",15,1
1,1,"Sunrisers Hyderabad","Royal Challengers Bangalore",14,6
1,1,"Sunrisers Hyderabad","Royal Challengers Bangalore",14,5
1,1,"Sunrisers Hyderabad","Royal Challengers Bangalore",14,4
1,1,"Sunrisers Hyderabad","Royal Challengers Bangalore",14,3
1,1,"Sunrisers Hyderabad","Royal Challengers Bangalore",14,2
1,1,"Sunrisers Hyderabad","Royal Challengers Bangalore",14,1
1,1,"Sunrisers Hyderabad","Royal Challengers Bangalore",13,7
1,1,"Sunrisers Hyderabad","Royal Challengers Bangalore",13,6
1,1,"Sunrisers Hyderabad","Royal Challengers Bangalore",13,5
1,1,"Sunrisers Hyderabad","Royal Challengers Bangalore",13,4
1,1,"Sunrisers Hyderabad","Royal Challengers Bangalore",13,3
1,1,"Sunrisers Hyderabad","Royal Challengers Bangalore",13,2
1,1,"Sunrisers Hyderabad","Royal Challengers Bangalore",13,1
1,1,"Sunrisers Hyderabad","Royal Challengers Bangalore",12,6
1,1,"Sunrisers Hyderabad","Royal Challengers Bangalore",12,5
1,1,"Sunrisers Hyderabad","Royal Challengers Bangalore",12,4
1,1,"Sunrisers Hyderabad","Royal Challengers Bangalore",12,3
1,1,"Sunrisers Hyderabad","Royal Challengers Bangalore",12,2
1,1,"Sunrisers Hyderabad","Royal Challengers Bangalore",12,1
1,1,"Sunrisers Hyderabad","Royal Challengers Bangalore",11,6
1,1,"Sunrisers Hyderabad","Royal Challengers Bangalore",11,5
1,1,"Sunrisers Hyderabad","Royal Challengers Bangalore",11,4
1,1,"Sunrisers Hyderabad","Royal Challengers Bangalore",11,3
1,1,"Sunrisers Hyderabad","Royal Challengers Bangalore",11,2
1,1,"Sunrisers Hyderabad","Royal Challengers Bangalore",11,1
1,1,"Sunrisers Hyderabad","Royal Challengers Bangalore",10,6
1,1,"Sunrisers Hyderabad","Royal Challengers Bangalore",10,5
1,1,"Sunrisers Hyderabad","Royal Challengers Bangalore",10,4
1,1,"Sunrisers Hyderabad","Royal Challengers Bangalore",10,3
1,1,"Sunrisers Hyderabad","Royal Challengers Bangalore",10,2
1,1,"Sunrisers Hyderabad","Royal Challengers Bangalore",10,1
1,1,"Sunrisers Hyderabad","Royal Challengers Bangalore",9,6
1,1,"Sunrisers Hyderabad","Royal Challengers Bangalore",9,5
1,1,"Sunrisers Hyderabad","Royal Challengers Bangalore",9,4
1,1,"Sunrisers Hyderabad","Royal Challengers Bangalore",9,3
1,1,"Sunrisers Hyderabad","Royal Challengers Bangalore",9,2
1,1,"Sunrisers Hyderabad","Royal Challengers Bangalore",9,1
1,1,"Sunrisers Hyderabad","Royal Challengers Bangalore",8,6
1,1,"Sunrisers Hyderabad","Royal Challengers Bangalore",8,5
1,1,"Sunrisers Hyderabad","Royal Challengers Bangalore",8,4
1,1,"Sunrisers Hyderabad","Royal Challengers Bangalore",8,3
1,1,"Sunrisers Hyderabad","Royal Challengers Bangalore",8,2
1,1,"Sunrisers Hyderabad","Royal Challengers Bangalore",8,1
1,1,"Sunrisers Hyderabad","Royal Challengers Bangalore",7,6
1,1,"Sunrisers Hyderabad","Royal Challengers Bangalore",7,5
1,1,"Sunrisers Hyderabad","Royal Challengers Bangalore",7,4
1,1,"Sunrisers Hyderabad","Royal Challengers Bangalore",7,3
1,1,"Sunrisers Hyderabad","Royal Challengers Bangalore",7,2
1,1,"Sunrisers Hyderabad","Royal Challengers Bangalore",7,1
1,1,"Sunrisers Hyderabad","Royal Challengers Bangalore",6,6
1,1,"Sunrisers Hyderabad","Royal Challengers Bangalore",6,5
1,1,"Sunrisers Hyderabad","Royal Challengers Bangalore",6,4
1,1,"Sunrisers Hyderabad","Royal Challengers Bangalore",6,3
1,1,"Sunrisers Hyderabad","Royal Challengers Bangalore",6,2
1,1,"Sunrisers Hyderabad","Royal Challengers Bangalore",6,1
1,1,"Sunrisers Hyderabad","Royal Challengers Bangalore",5,6
1,1,"Sunrisers Hyderabad","Royal Challengers Bangalore",5,5
1,1,"Sunrisers Hyderabad","Royal Challengers Bangalore",5,4
1,1,"Sunrisers Hyderabad","Royal Challengers Bangalore",5,3
1,1,"Sunrisers Hyderabad","Royal Challengers Bangalore",5,2
1,1,"Sunrisers Hyderabad","Royal Challengers Bangalore",5,1
1,1,"Sunrisers Hyderabad","Royal Challengers Bangalore",4,6
1,1,"Sunrisers Hyderabad","Royal Challengers Bangalore",4,5
1,1,"Sunrisers Hyderabad","Royal Challengers Bangalore",4,4
1,1,"Sunrisers Hyderabad","Royal Challengers Bangalore",4,3
1,1,"Sunrisers Hyderabad","Royal Challengers Bangalore",4,2
1,1,"Sunrisers Hyderabad","Royal Challengers Bangalore",4,1
1,1,"Sunrisers Hyderabad","Royal Challengers Bangalore",3,6
1,1,"Sunrisers Hyderabad","Royal Challengers Bangalore",3,5
1,1,"Sunrisers Hyderabad","Royal Challengers Bangalore",3,4
1,1,"Sunrisers Hyderabad","Royal Challengers Bangalore",3,3
1,1,"Sunrisers Hyderabad","Royal Challengers Bangalore",3,2
1,1,"Sunrisers Hyderabad","Royal Challengers Bangalore",3,1
1,1,"Sunrisers Hyderabad","Royal Challengers Bangalore",2,7
1,1,"Sunrisers Hyderabad","Royal Challengers Bangalore",2,6
1,1,"Sunrisers Hyderabad","Royal Challengers Bangalore",2,5
1,1,"Sunrisers Hyderabad","Royal Challengers Bangalore",2,4
1,1,"Sunrisers Hyderabad","Royal Challengers Bangalore",2,3
1,1,"Sunrisers Hyderabad","Royal Challengers Bangalore",2,2
1,1,"Sunrisers Hyderabad","Royal Challengers Bangalore",2,1
1,1,"Sunrisers Hyderabad","Royal Challengers Bangalore",1,7
1,1,"Sunrisers Hyderabad","Royal Challengers Bangalore",1,6
1,1,"Sunrisers Hyderabad","Royal Challengers Bangalore",1,5
1,1,"Sunrisers Hyderabad","Royal Challengers Bangalore",1,4
1,1,"Sunrisers Hyderabad","Royal Challengers Bangalore",1,3
1,1,"Sunrisers Hyderabad","Royal Challengers Bangalore",1,2
1,1,"Sunrisers Hyderabad","Royal Challengers Bangalore",1,1
2,2,"Rising Pune Supergiant","Mumbai Indians",20,5
2,2,"Rising Pune Supergiant","Mumbai Indians",20,4
2,2,"Rising Pune Supergiant","Mumbai Indians",20,3
2,2,"Rising Pune Supergiant","Mumbai Indians",20,2
2,2,"Rising Pune Supergiant","Mumbai Indians",20,1
2,2,"Rising Pune Supergiant","Mumbai Indians",19,6
2,2,"Rising Pune Supergiant","Mumbai Indians",19,5
2,2,"Rising Pune Supergiant","Mumbai Indians",19,4
2,2,"Rising Pune Supergiant","Mumbai Indians",19,3
2,2,"Rising Pune Supergiant","Mumbai Indians",19,2
2,2,"Rising Pune Supergiant","Mumbai Indians",19,1
2,2,"Rising Pune Supergiant","Mumbai Indians",18,6
2,2,"Rising Pune Supergiant","Mumbai Indians",18,5
2,2,"Rising Pune Supergiant","Mumbai Indians",18,4
2,2,"Rising Pune Supergiant","Mumbai Indians",18,3
2,2,"Rising Pune Supergiant","Mumbai Indians",18,2
2,2,"Rising Pune Supergiant","Mumbai Indians",18,1
2,2,"Rising Pune Supergiant","Mumbai Indians",17,6
2,2,"Rising Pune Supergiant","Mumbai Indians",17,5
2,2,"Rising Pune Supergiant","Mumbai Indians",17,4
2,2,"Rising Pune Supergiant","Mumbai Indians",17,3
2,2,"Rising Pune Supergiant","Mumbai Indians",17,2
2,2,"Rising Pune Supergiant","Mumbai Indians",17,1
2,2,"Rising Pune Supergiant","Mumbai Indians",16,6
2,2,"Rising Pune Supergiant","Mumbai Indians",16,5
2,2,"Rising Pune Supergiant","Mumbai Indians",16,4
2,2,"Rising Pune Supergiant","Mumbai Indians",16,3
2,2,"Rising Pune Supergiant","Mumbai Indians",16,2
2,2,"Rising Pune Supergiant","Mumbai Indians",16,1
2,2,"Rising Pune Supergiant","Mumbai Indians",15,7
2,2,"Rising Pune Supergiant","Mumbai Indians",15,6
2,2,"Rising Pune Supergiant","Mumbai Indians",15,5
2,2,"Rising Pune Supergiant","Mumbai Indians",15,4
2,2,"Rising Pune Supergiant","Mumbai Indians",15,3
2,2,"Rising Pune Supergiant","Mumbai Indians",15,2
2,2,"Rising Pune Supergiant","Mumbai Indians",15,1
2,2,"Rising Pune Supergiant","Mumbai Indians",14,7
2,2,"Rising Pune Supergiant","Mumbai Indians",14,6
2,2,"Rising Pune Supergiant","Mumbai Indians",14,5
2,2,"Rising Pune Supergiant","Mumbai Indians",14,4
2,2,"Rising Pune Supergiant","Mumbai Indians",14,3
2,2,"Rising Pune Supergiant","Mumbai Indians",14,2
2,2,"Rising Pune Supergiant","Mumbai Indians",14,1
2,2,"Rising Pune Supergiant","Mumbai Indians",13,6
2,2,"Rising Pune Supergiant","Mumbai Indians",13,5
2,2,"Rising Pune Supergiant","Mumbai Indians",13,4
2,2,"Rising Pune Supergiant","Mumbai Indians",13,3
2,2,"Rising Pune Supergiant","Mumbai Indians",13,2
2,2,"Rising Pune Supergiant","Mumbai Indians",13,1
2,2,"Rising Pune Supergiant","Mumbai Indians",12,6
2,2,"Rising Pune Supergiant","Mumbai Indians",12,5
2,2,"Rising Pune Supergiant","Mumbai Indians",12,4
2,2,"Rising Pune Supergiant","Mumbai Indians",12,3
2,2,"Rising Pune Supergiant","Mumbai Indians",12,2
2,2,"Rising Pune Supergiant","Mumbai Indians",12,1
2,2,"Rising Pune Supergiant","Mumbai Indians",11,6
2,2,"Rising Pune Supergiant","Mumbai Indians",11,5
2,2,"Rising Pune Supergiant","Mumbai Indians",11,4
2,2,"Rising Pune Supergiant","Mumbai Indians",11,3
2,2,"Rising Pune Supergiant","Mumbai Indians",11,2
2,2,"Rising Pune Supergiant","Mumbai Indians",11,1
2,2,"Rising Pune Supergiant","Mumbai Indians",10,6
2,2,"Rising Pune Supergiant","Mumbai Indians",10,5
2,2,"Rising Pune Supergiant","Mumbai Indians",10,4
2,2,"Rising Pune Supergiant","Mumbai Indians",10,3
2,2,"Rising Pune Supergiant","Mumbai Indians",10,2
2,2,"Rising Pune Supergiant","Mumbai Indians",10,1
2,2,"Rising Pune Supergiant","Mumbai Indians",9,6
2,2,"Rising Pune Supergiant","Mumbai Indians",9,5
2,2,"Rising Pune Supergiant","Mumbai Indians",9,4
2,2,"Rising Pune Supergiant","Mumbai Indians",9,3
2,2,"Rising Pune Supergiant","Mumbai Indians",9,2
2,2,"Rising Pune Supergiant","Mumbai Indians",9,1
2,2,"Rising Pune Supergiant","Mumbai Indians",8,6
2,2,"Rising Pune Supergiant","Mumbai Indians",8,5
2,2,"Rising Pune Supergiant","Mumbai Indians",8,4
2,2,"Rising Pune Supergiant","Mumbai Indians",8,3
2,2,"Rising Pune Supergiant","Mumbai Indians",8,2
2,2,"Rising Pune Supergiant","Mumbai Indians",8,1
2,2,"Rising Pune Supergiant","Mumbai Indians",7,6
2,2,"Rising Pune Supergiant","Mumbai Indians",7,5
2,2,"Rising Pune Supergiant","Mumbai Indians",7,4
2,2,"Rising Pune Supergiant","Mumbai Indians",7,3
2,2,"Rising Pune Supergiant","Mumbai Indians",7,2
2,2,"Rising Pune Supergiant","Mumbai Indians",7,1
2,2,"Rising Pune Supergiant","Mumbai Indians",6,6
2,2,"Rising Pune Supergiant","Mumbai Indians",6,5
2,2,"Rising Pune Supergiant","Mumbai Indians",6,4
2,2,"Rising Pune Supergiant","Mumbai Indians",6,3
2,2,"Rising Pune Supergiant","Mumbai Indians",6,2
2,2,"Rising Pune Supergiant","Mumbai Indians",6,1
2,2,"Rising Pune Supergiant","Mumbai Indians",5,6
2,2,"Rising Pune Supergiant","Mumbai Indians",5,5
2,2,"Rising Pune Supergiant","Mumbai Indians",5,4
2,2,"Rising Pune Supergiant","Mumbai Indians",5,3
2,2,"Rising Pune Supergiant","Mumbai Indians",5,2
2,2,"Rising Pune Supergiant","Mumbai Indians",5,1
2,2,"Rising Pune Supergiant","Mumbai Indians",4,6
2,2,"Rising Pune Supergiant","Mumbai Indians",4,5
2,2,"Rising Pune Supergiant","Mumbai Indians",4,4
2,2,"Rising Pune Supergiant","Mumbai Indians",4,3
2,2,"Rising Pune Supergiant","Mumbai Indians",4,2
2,2,"Rising Pune Supergiant","Mumbai Indians",4,1
2,2,"Rising Pune Supergiant","Mumbai Indians",3,6
2,2,"Rising Pune Supergiant","Mumbai Indians",3,5
2,2,"Rising Pune Supergiant","Mumbai Indians",3,4
2,2,"Rising Pune Supergiant","Mumbai Indians",3,3
2,2,"Rising Pune Supergiant","Mumbai Indians",3,2
2,2,"Rising Pune Supergiant","Mumbai Indians",3,1
2,2,"Rising Pune Supergiant","Mumbai Indians",2,6
2,2,"Rising Pune Supergiant","Mumbai Indians",2,5
2,2,"Rising Pune Supergiant","Mumbai Indians",2,4
2,2,"Rising Pune Supergiant","Mumbai Indians",2,3
2,2,"Rising Pune Supergiant","Mumbai Indians",2,2
2,2,"Rising Pune Supergiant","Mumbai Indians",2,1
2,2,"Rising Pune Supergiant","Mumbai Indians",1,7
2,2,"Rising Pune Supergiant","Mumbai Indians",1,6
2,2,"Rising Pune Supergiant","Mumbai Indians",1,5
2,2,"Rising Pune Supergiant","Mumbai Indians",1,4
2,2,"Rising Pune Supergiant","Mumbai Indians",1,3
2,2,"Rising Pune Supergiant","Mumbai Indians",1,2
2,2,"Rising Pune Supergiant","Mumbai Indians",1,1
2,1,"Mumbai Indians","Rising Pune Supergiant",20,7
2,1,"Mumbai Indians","Rising Pune Supergiant",20,6
2,1,"Mumbai Indians","Rising Pune Supergiant",20,5
2,1,"Mumbai Indians","Rising Pune Supergiant",20,4
2,1,"Mumbai Indians","Rising Pune Supergiant",20,3
2,1,"Mumbai Indians","Rising Pune Supergiant",20,2
2,1,"Mumbai Indians","Rising Pune Supergiant",20,1
2,1,"Mumbai Indians","Rising Pune Supergiant",19,6
2,1,"Mumbai Indians","Rising Pune Supergiant",19,5
2,1,"Mumbai Indians","Rising Pune Supergiant",19,4
2,1,"Mumbai Indians","Rising Pune Supergiant",19,3
2,1,"Mumbai Indians","Rising Pune Supergiant",19,2
2,1,"Mumbai Indians","Rising Pune Supergiant",19,1
2,1,"Mumbai Indians","Rising Pune Supergiant",18,7
2,1,"Mumbai Indians","Rising Pune Supergiant",18,6
2,1,"Mumbai Indians","Rising Pune Supergiant",18,5
2,1,"Mumbai Indians","Rising Pune Supergiant",18,4
2,1,"Mumbai Indians","Rising Pune Supergiant",18,3
2,1,"Mumbai Indians","Rising Pune Supergiant",18,2
2,1,"Mumbai Indians","Rising Pune Supergiant",18,1
2,1,"Mumbai Indians","Rising Pune Supergiant",17,6
2,1,"Mumbai Indians","Rising Pune Supergiant",17,5
2,1,"Mumbai Indians","Rising Pune Supergiant",17,4
2,1,"Mumbai Indians","Rising Pune Supergiant",17,3
2,1,"Mumbai Indians","Rising Pune Supergiant",17,2
2,1,"Mumbai Indians","Rising Pune Supergiant",17,1
2,1,"Mumbai Indians","Rising Pune Supergiant",16,6
2,1,"Mumbai Indians","Rising Pune Supergiant",16,5
2,1,"Mumbai Indians","Rising Pune Supergiant",16,4
2,1,"Mumbai Indians","Rising Pune Supergiant",16,3
2,1,"Mumbai Indians","Rising Pune Supergiant",16,2
2,1,"Mumbai Indians","Rising Pune Supergiant",16,1
2,1,"Mumbai Indians","Rising Pune Supergiant",15,6
2,1,"Mumbai Indians","Rising Pune Supergiant",15,5
2,1,"Mumbai Indians","Rising Pune Supergiant",15,4
2,1,"Mumbai Indians","Rising Pune Supergiant",15,3
2,1,"Mumbai Indians","Rising Pune Supergiant",15,2
2,1,"Mumbai Indians","Rising Pune Supergiant",15,1
2,1,"Mumbai Indians","Rising Pune Supergiant",14,6
2,1,"Mumbai Indians","Rising Pune Supergiant",14,5
2,1,"Mumbai Indians","Rising Pune Supergiant",14,4
2,1,"Mumbai Indians","Rising Pune Supergiant",14,3
2,1,"Mumbai Indians","Rising Pune Supergiant",14,2
2,1,"Mumbai Indians","Rising Pune Supergiant",14,1
2,1,"Mumbai Indians","Rising Pune Supergiant",13,7
2,1,"Mumbai Indians","Rising Pune Supergiant",13,6
2,1,"Mumbai Indians","Rising Pune Supergiant",13,5
2,1,"Mumbai Indians","Rising Pune Supergiant",13,4
2,1,"Mumbai Indians","Rising Pune Supergiant",13,3
2,1,"Mumbai Indians","Rising Pune Supergiant",13,2
2,1,"Mumbai Indians","Rising Pune Supergiant",13,1
2,1,"Mumbai Indians","Rising Pune Supergiant",12,6
2,1,"Mumbai Indians","Rising Pune Supergiant",12,5
2,1,"Mumbai Indians","Rising Pune Supergiant",12,4
2,1,"Mumbai Indians","Rising Pune Supergiant",12,3
2,1,"Mumbai Indians","Rising Pune Supergiant",12,2
2,1,"Mumbai Indians","Rising Pune Supergiant",12,1
2,1,"Mumbai Indians","Rising Pune Supergiant",11,7
2,1,"Mumbai Indians","Rising Pune Supergiant",11,6
2,1,"Mumbai Indians","Rising Pune Supergiant",11,5
2,1,"Mumbai Indians","Rising Pune Supergiant",11,4
2,1,"Mumbai Indians","Rising Pune Supergiant",11,3
2,1,"Mumbai Indians","Rising Pune Supergiant",11,2
2,1,"Mumbai Indians","Rising Pune Supergiant",11,1
2,1,"Mumbai Indians","Rising Pune Supergiant",10,6
2,1,"Mumbai Indians","Rising Pune Supergiant",10,5
2,1,"Mumbai Indians","Rising Pune Supergiant",10,4
2,1,"Mumbai Indians","Rising Pune Supergiant",10,3
2,1,"Mumbai Indians","Rising Pune Supergiant",10,2
2,1,"Mumbai Indians","Rising Pune Supergiant",10,1
2,1,"Mumbai Indians","Rising Pune Supergiant",9,6
2,1,"Mumbai Indians","Rising Pune Supergiant",9,5
2,1,"Mumbai Indians","Rising Pune Supergiant",9,4
2,1,"Mumbai Indians","Rising Pune Supergiant",9,3
2,1,"Mumbai Indians","Rising Pune Supergiant",9,2
2,1,"Mumbai Indians","Rising Pune Supergiant",9,1
2,1,"Mumbai Indians","Rising Pune Supergiant",8,6
2,1,"Mumbai Indians","Rising Pune Supergiant",8,5
2,1,"Mumbai Indians","Rising Pune Supergiant",8,4
2,1,"Mumbai Indians","Rising Pune Supergiant",8,3
2,1,"Mumbai Indians","Rising Pune Supergiant",8,2
2,1,"Mumbai Indians","Rising Pune Supergiant",8,1
2,1,"Mumbai Indians","Rising Pune Supergiant",7,6
2,1,"Mumbai Indians","Rising Pune Supergiant",7,5
2,1,"Mumbai Indians","Rising Pune Supergiant",7,4
2,1,"Mumbai Indians","Rising Pune Supergiant",7,3
2,1,"Mumbai Indians","Rising Pune Supergiant",7,2
2,1,"Mumbai Indians","Rising Pune Supergiant",7,1
2,1,"Mumbai Indians","Rising Pune Supergiant",6,6
2,1,"Mumbai Indians","Rising Pune Supergiant",6,5
2,1,"Mumbai Indians","Rising Pune Supergiant",6,4
2,1,"Mumbai Indians","Rising Pune Supergiant",6,3
2,1,"Mumbai Indians","Rising Pune Supergiant",6,2
2,1,"Mumbai Indians","Rising Pune Supergiant",6,1
2,1,"Mumbai Indians","Rising Pune Supergiant",5,6
2,1,"Mumbai Indians","Rising Pune Supergiant",5,5
2,1,"Mumbai Indians","Rising Pune Supergiant",5,4
2,1,"Mumbai Indians","Rising Pune Supergiant",5,3
2,1,"Mumbai Indians","Rising Pune Supergiant",5,2
2,1,"Mumbai Indians","Rising Pune Supergiant",5,1
2,1,"Mumbai Indians","Rising Pune Supergiant",4,6
2,1,"Mumbai Indians","Rising Pune Supergiant",4,5
2,1,"Mumbai Indians","Rising Pune Supergiant",4,4
2,1,"Mumbai Indians","Rising Pune Supergiant",4,3
2,1,"Mumbai Indians","Rising Pune Supergiant",4,2
2,1,"Mumbai Indians","Rising Pune Supergiant",4,1
2,1,"Mumbai Indians","Rising Pune Supergiant",3,6
2,1,"Mumbai Indians","Rising Pune Supergiant",3,5
2,1,"Mumbai Indians","Rising Pune Supergiant",3,4
2,1,"Mumbai Indians","Rising Pune Supergiant",3,3
2,1,"Mumbai Indians","Rising Pune Supergiant",3,2
2,1,"Mumbai Indians","Rising Pune Supergiant",3,1
2,1,"Mumbai Indians","Rising Pune Supergiant",2,6
2,1,"Mumbai Indians","Rising Pune Supergiant",2,5
2,1,"Mumbai Indians","Rising Pune Supergiant",2,4
2,1,"Mumbai Indians","Rising Pune Supergiant",2,3
2,1,"Mumbai Indians","Rising Pune Supergiant",2,2
2,1,"Mumbai Indians","Rising Pune Supergiant",2,1
2,1,"Mumbai Indians","Rising Pune Supergiant",1,7
2,1,"Mumbai Indians","Rising Pune Supergiant",1,6
2,1,"Mumbai Indians","Rising Pune Supergiant",1,5
2,1,"Mumbai Indians","Rising Pune Supergiant",1,4
2,1,"Mumbai Indians","Rising Pune Supergiant",1,3
2,1,"Mumbai Indians","Rising Pune Supergiant",1,2
2,1,"Mumbai Indians","Rising Pune Supergiant",1,1
3,1,"Gujarat Lions","Kolkata Knight Riders",1,4
3,1,"Gujarat Lions","Kolkata Knight Riders",1,3
3,1,"Gujarat Lions","Kolkata Knight Riders",1,2
3,1,"Gujarat Lions","Kolkata Knight Riders",1,1
4,2,"Rising Pune Supergiant","Mumbai Indians",20,5
4,2,"Rising Pune Supergiant","Mumbai Indians",20,4
4,2,"Rising Pune Supergiant","Mumbai Indians",20,3
4,2,"Rising Pune Supergiant","Mumbai Indians",20,2
4,2,"Rising Pune Supergiant","Mumbai Indians",20,1
4,2,"Rising Pune Supergiant","Mumbai Indians",19,6
4,2,"Rising Pune Supergiant","Mumbai Indians",19,5
4,2,"Rising Pune Supergiant","Mumbai Indians",19,4
4,2,"Rising Pune Supergiant","Mumbai Indians",19,3
4,2,"Rising Pune Supergiant","Mumbai Indians",19,2
4,2,"Rising Pune Supergiant","Mumbai Indians",19,1
4,2,"Rising Pune Supergiant","Mumbai Indians",18,6
4,2,"Rising Pune Supergiant","Mumbai Indians",18,5
4,2,"Rising Pune Supergiant","Mumbai Indians",18,4
4,2,"Rising Pune Supergiant","Mumbai Indians",18,3
4,2,"Rising Pune Supergiant","Mumbai Indians",18,2
4,2,"Rising Pune Supergiant","Mumbai Indians",18,1
4,2,"Rising Pune Supergiant","Mumbai Indians",17,6
4,2,"Rising Pune Supergiant","Mumbai Indians",17,5
4,2,"Rising Pune Supergiant","Mumbai Indians",17,4
4,2,"Rising Pune Supergiant","Mumbai Indians",17,3
4,2,"Rising Pune Supergiant","Mumbai Indians",17,2
4,2,"Rising Pune Supergiant","Mumbai Indians",17,1
4,2,"Rising Pune Supergiant","Mumbai Indians",16,6
4,2,"Rising Pune Supergiant","Mumbai Indians",16,5
4,2,"Rising Pune Supergiant","Mumbai Indians",16,4
4,2,"Rising Pune Supergiant","Mumbai Indians",16,3
4,2,"Rising Pune Supergiant","Mumbai Indians",16,2
4,2,"Rising Pune Supergiant","Mumbai Indians",16,1
4,2,"Rising Pune Supergiant","Mumbai Indians",15,7
4,2,"Rising Pune Supergiant","Mumbai Indians",15,6
4,2,"Rising Pune Supergiant","Mumbai Indians",15,5
4,2,"Rising Pune Supergiant","Mumbai Indians",15,4
4,2,"Rising Pune Supergiant","Mumbai Indians",15,3
4,2,"Rising Pune Supergiant","Mumbai Indians",15,2
4,2,"Rising Pune Supergiant","Mumbai Indians",15,1
4,2,"Rising Pune Supergiant","Mumbai Indians",14,7
4,2,"Rising Pune Supergiant","Mumbai Indians",14,6
4,2,"Rising Pune Supergiant","Mumbai Indians",14,5
4,2,"Rising Pune Supergiant","Mumbai Indians",14,4
4,2,"Rising Pune Supergiant","Mumbai Indians",14,3
4,2,"Rising Pune Supergiant","Mumbai Indians",14,2
4,2,"Rising Pune Supergiant","Mumbai Indians",14,1
4,2,"Rising Pune Supergiant","Mumbai Indians",13,6
4,2,"Rising Pune Supergiant","Mumbai Indians",13,5
4,2,"Rising Pune Supergiant","Mumbai Indians",13,4
4,2,"Rising Pune Supergiant","Mumbai Indians",13,3
4,2,"Rising Pune Supergiant","Mumbai Indians",13,2
4,2,"Rising Pune Supergiant","Mumbai Indians",13,1
4,2,"Rising Pune Supergiant","Mumbai Indians",12,6
4,2,"Rising Pune Supergiant","Mumbai Indians",12,5
4,2,"Rising Pune Supergiant","Mumbai Indians",12,4
4,2,"Rising Pune Supergiant","Mumbai Indians",12,3
4,2,"Rising Pune Supergiant","Mumbai Indians",12,2
4,2,"Rising Pune Supergiant","Mumbai Indians",12,1
4,2,"Rising Pune Supergiant","Mumbai Indians",11,6
4,2,"Rising Pune Supergiant","Mumbai Indians",11,5
4,2,"Rising Pune Supergiant","Mumbai Indians",11,4
4,2,"Rising Pune Supergiant","Mumbai Indians",11,3
4,2,"Rising Pune Supergiant","Mumbai Indians",11,2
4,2,"Rising Pune Supergiant","Mumbai Indians",11,1
4,2,"Rising Pune Supergiant","Mumbai Indians",10,6
4,2,"Rising Pune Supergiant","Mumbai Indians",10,5
4,2,"Rising Pune Supergiant","Mumbai Indians",10,4
4,2,"Rising Pune Supergiant","Mumbai Indians",10,3
4,2,"Rising Pune Supergiant","Mumbai Indians",10,2
4,2,"Rising Pune Supergiant","Mumbai Indians",10,1
4,2,"Rising Pune Supergiant","Mumbai Indians",9,6
4,2,"Rising Pune Supergiant","Mumbai Indians",9,5
4,2,"Rising Pune Supergiant","Mumbai Indians",9,4
4,2,"Rising Pune Supergiant","Mumbai Indians",9,3
4,2,"Rising Pune Supergiant","Mumbai Indians",9,2
4,2,"Rising Pune Supergiant","Mumbai Indians",9,1
4,2,"Rising Pune Supergiant","Mumbai Indians",8,6
4,2,"Rising Pune Supergiant","Mumbai Indians",8,5
4,2,"Rising Pune Supergiant","Mumbai Indians",8,4
4,2,"Rising Pune Supergiant","Mumbai Indians",8,3
4,2,"Rising Pune Supergiant","Mumbai Indians",8,2
4,2,"Rising Pune Supergiant","Mumbai Indians",8,1
4,2,"Rising Pune Supergiant","Mumbai Indians",7,6
4,2,"Rising Pune Supergiant","Mumbai Indians",7,5
4,2,"Rising Pune Supergiant","Mumbai Indians",7,4
4,2,"Rising Pune Supergiant","Mumbai Indians",7,3
4,2,"Rising Pune Supergiant","Mumbai Indians",7,2
4,2,"Rising Pune Supergiant","Mumbai Indians",7,1
4,2,"Rising Pune Supergiant","Mumbai Indians",6,6
4,2,"Rising Pune Supergiant","Mumbai Indians",6,5
4,2,"Rising Pune Supergiant","Mumbai Indians",6,4
4,2,"Rising Pune Supergiant","Mumbai Indians",6,3
4,2,"Rising Pune Supergiant","Mumbai Indians",6,2
4,2,"Rising Pune Supergiant","Mumbai Indians",6,1
4,2,"Rising Pune Supergiant","Mumbai Indians",5,6
4,2,"Rising Pune Supergiant","Mumbai Indians",5,5
4,2,"Rising Pune Supergiant","Mumbai Indians",5,4
4,2,"Rising Pune Supergiant","Mumbai Indians",5,3
4,2,"Rising Pune Supergiant","Mumbai Indians",5,2
4,2,"Rising Pune Supergiant","Mumbai Indians",5,1
4,2,"Rising Pune Supergiant","Mumbai Indians",4,6
4,2,"Rising Pune Supergiant","Mumbai Indians",4,5
4,2,"Rising Pune Supergiant","Mumbai Indians",4,4
4,2,"Rising Pune Supergiant","Mumbai Indians",4,3
4,2,"Rising Pune Supergiant","Mumbai Indians",4,2
4,2,"Rising Pune Supergiant","Mumbai Indians",4,1
4,2,"Rising Pune Supergiant","Mumbai Indians",3,6
4,2,"Rising Pune Supergiant","Mumbai Indians",3,5
4,2,"Rising Pune Supergiant","Mumbai Indians",3,4
4,2,"Rising Pune Supergiant","Mumbai Indians",3,3
4,2,"Rising Pune Supergiant","Mumbai Indians",3,2
4,2,"Rising Pune Supergiant","Mumbai Indians",3,1
4,2,"Rising Pune Supergiant","Mumbai Indians",2,6
4,2,"Rising Pune Supergiant","Mumbai Indians",2,5
4,2,"Rising Pune Supergiant","Mumbai Indians",2,4
4,2,"Rising Pune Supergiant","Mumbai Indians",2,3
4,2,"Rising Pune Supergiant","Mumbai Indians",2,2
4,2,"Rising Pune Supergiant","Mumbai Indians",2,1
4,2,"Rising Pune Supergiant","Mumbai Indians",1,7
4,2,"Rising Pune Supergiant","Mumbai Indians",1,6
4,2,"Rising Pune Supergiant","Mumbai Indians",1,5
4,2,"Rising Pune Supergiant","Mumbai Indians",1,4
4,2,"Rising Pune Supergiant","Mumbai Indians",1,3
4,2,"Rising Pune Supergiant","Mumbai Indians",1,2
4,2,"Rising Pune Supergiant","Mumbai Indians",1,1
4,1,"Mumbai Indians","Rising Pune Supergiant",20,7
4,1,"Mumbai Indians","Rising Pune Supergiant",20,6
4,1,"Mumbai Indians","Rising Pune Supergiant",20,5
4,1,"Mumbai Indians","Rising Pune Supergiant",20,4
4,1,"Mumbai Indians","Rising Pune Supergiant",20,3
4,1,"Mumbai Indians","Rising Pune Supergiant",20,2
4,1,"Mumbai Indians","Rising Pune Supergiant",20,1
4,1,"Mumbai Indians","Rising Pune Supergiant",19,6
4,1,"Mumbai Indians","Rising Pune Supergiant",19,5
4,1,"Mumbai Indians","Rising Pune Supergiant",19,4
4,1,"Mumbai Indians","Rising Pune Supergiant",19,3
4,1,"Mumbai Indians","Rising Pune Supergiant",19,2
4,1,"Mumbai Indians","Rising Pune Supergiant",19,1
4,1,"Mumbai Indians","Rising Pune Supergiant",18,7
4,1,"Mumbai Indians","Rising Pune Supergiant",18,6
4,1,"Mumbai Indians","Rising Pune Supergiant",18,5
4,1,"Mumbai Indians","Rising Pune Supergiant",18,4
4,1,"Mumbai Indians","Rising Pune Supergiant",18,3
4,1,"Mumbai Indians","Rising Pune Supergiant",18,2
4,1,"Mumbai Indians","Rising Pune Supergiant",18,1
4,1,"Mumbai Indians","Rising Pune Supergiant",17,6
4,1,"Mumbai Indians","Rising Pune Supergiant",17,5
4,1,"Mumbai Indians","Rising Pune Supergiant",17,4
4,1,"Mumbai Indians","Rising Pune Supergiant",17,3
4,1,"Mumbai Indians","Rising Pune Supergiant",17,2
4,1,"Mumbai Indians","Rising Pune Supergiant",17,1
4,1,"Mumbai Indians","Rising Pune Supergiant",16,6
4,1,"Mumbai Indians","Rising Pune Supergiant",16,5
4,1,"Mumbai Indians","Rising Pune Supergiant",16,4
4,1,"Mumbai Indians","Rising Pune Supergiant",16,3
4,1,"Mumbai Indians","Rising Pune Supergiant",16,2
4,1,"Mumbai Indians","Rising Pune Supergiant",16,1
4,1,"Mumbai Indians","Rising Pune Supergiant",15,6
4,1,"Mumbai Indians","Rising Pune Supergiant",15,5
4,1,"Mumbai Indians","Rising Pune Supergiant",15,4
4,1,"Mumbai Indians","Rising Pune Supergiant",15,3
4,1,"Mumbai Indians","Rising Pune Supergiant",15,2
4,1,"Mumbai Indians","Rising Pune Supergiant",15,1
4,1,"Mumbai Indians","Rising Pune Supergiant",14,6
4,1,"Mumbai Indians","Rising Pune Supergiant",14,5
4,1,"Mumbai Indians","Rising Pune Supergiant",14,4
4,1,"Mumbai Indians","Rising Pune Supergiant",14,3
4,1,"Mumbai Indians","Rising Pune Supergiant",14,2
4,1,"Mumbai Indians","Rising Pune Supergiant",14,1
4,1,"Mumbai Indians","Rising Pune Supergiant",13,7
4,1,"Mumbai Indians","Rising Pune Supergiant",13,6
4,1,"Mumbai Indians","Rising Pune Supergiant",13,5
4,1,"Mumbai Indians","Rising Pune Supergiant",13,4
4,1,"Mumbai Indians","Rising Pune Supergiant",13,3
4,1,"Mumbai Indians","Rising Pune Supergiant",13,2
4,1,"Mumbai Indians","Rising Pune Supergiant",13,1
4,1,"Mumbai Indians","Rising Pune Supergiant",12,6
4,1,"Mumbai Indians","Rising Pune Supergiant",12,5
4,1,"Mumbai Indians","Rising Pune Supergiant",12,4
4,1,"Mumbai Indians","Rising Pune Supergiant",12,3
4,1,"Mumbai Indians","Rising Pune Supergiant",12,2
4,1,"Mumbai Indians","Rising Pune Supergiant",12,1
4,1,"Mumbai Indians","Rising Pune Supergiant",11,7
4,1,"Mumbai Indians","Rising Pune Supergiant",11,6
4,1,"Mumbai Indians","Rising Pune Supergiant",11,5
4,1,"Mumbai Indians","Rising Pune Supergiant",11,4
4,1,"Mumbai Indians","Rising Pune Supergiant",11,3
4,1,"Mumbai Indians","Rising Pune Supergiant",11,2
4,1,"Mumbai Indians","Rising Pune Supergiant",11,1
4,1,"Mumbai Indians","Rising Pune Supergiant",10,6
4,1,"Mumbai Indians","Rising Pune Supergiant",10,5
4,1,"Mumbai Indians","Rising Pune Supergiant",10,4
4,1,"Mumbai Indians","Rising Pune Supergiant",10,3
4,1,"Mumbai Indians","Rising Pune Supergiant",10,2
4,1,"Mumbai Indians","Rising Pune Supergiant",10,1
4,1,"Mumbai Indians","Rising Pune Supergiant",9,6
4,1,"Mumbai Indians","Rising Pune Supergiant",9,5
4,1,"Mumbai Indians","Rising Pune Supergiant",9,4
4,1,"Mumbai Indians","Rising Pune Supergiant",9,3
4,1,"Mumbai Indians","Rising Pune Supergiant",9,2
4,1,"Mumbai Indians","Rising Pune Supergiant",9,1
4,1,"Mumbai Indians","Rising Pune Supergiant",8,6
4,1,"Mumbai Indians","Rising Pune Supergiant",8,5
4,1,"Mumbai Indians","Rising Pune Supergiant",8,4
4,1,"Mumbai Indians","Rising Pune Supergiant",8,3
4,1,"Mumbai Indians","Rising Pune Supergiant",8,2
4,1,"Mumbai Indians","Rising Pune Supergiant",8,1
4,1,"Mumbai Indians","Rising Pune Supergiant",7,6
4,1,"Mumbai Indians","Rising Pune Supergiant",7,5
4,1,"Mumbai Indians","Rising Pune Supergiant",7,4
4,1,"Mumbai Indians","Rising Pune Supergiant",7,3
4,1,"Mumbai Indians","Rising Pune Supergiant",7,2
4,1,"Mumbai Indians","Rising Pune Supergiant",7,1
4,1,"Mumbai Indians","Rising Pune Supergiant",6,6
4,1,"Mumbai Indians","Rising Pune Supergiant",6,5
4,1,"Mumbai Indians","Rising Pune Supergiant",6,4
4,1,"Mumbai Indians","Rising Pune Supergiant",6,3
4,1,"Mumbai Indians","Rising Pune Supergiant",6,2
4,1,"Mumbai Indians","Rising Pune Supergiant",6,1
4,1,"Mumbai Indians","Rising Pune Supergiant",5,6
4,1,"Mumbai Indians","Rising Pune Supergiant",5,5
4,1,"Mumbai Indians","Rising Pune Supergiant",5,4
4,1,"Mumbai Indians","Rising Pune Supergiant",5,3
4,1,"Mumbai Indians","Rising Pune Supergiant",5,2
4,1,"Mumbai Indians","Rising Pune Supergiant",5,1
4,1,"Mumbai Indians","Rising Pune Supergiant",4,6
4,1,"Mumbai Indians","Rising Pune Supergiant",4,5
4,1,"Mumbai Indians","Rising Pune Supergiant",4,4
4,1,"Mumbai Indians","Rising Pune Supergiant",4,3
4,1,"Mumbai Indians","Rising Pune Supergiant",4,2
4,1,"Mumbai Indians","Rising Pune Supergiant",4,1
4,1,"Mumbai Indians","Rising Pune Supergiant",3,6
4,1,"Mumbai Indians","Rising Pune Supergiant",3,5
4,1,"Mumbai Indians","Rising Pune Supergiant",3,4
4,1,"Mumbai Indians","Rising Pune Supergiant",3,3
4,1,"Mumbai Indians","Rising Pune Supergiant",3,2
4,1,"Mumbai Indians","Rising Pune Supergiant",3,1
4,1,"Mumbai Indians","Rising Pune Supergiant",2,6
4,1,"Mumbai Indians","Rising Pune Supergiant",2,5
4,1,"Mumbai Indians","Rising Pune Supergiant",2,4
4,1,"Mumbai Indians","Rising Pune Supergiant",2,3
4,1,"Mumbai Indians","Rising Pune Supergiant",2,2
4,1,"Mumbai Indians","Rising Pune Supergiant",2,1
4,1,"Mumbai Indians","Rising Pune Supergiant",1,7
4,1,"Mumbai Indians","Rising Pune Supergiant",1,6
4,1,"Mumbai Indians","Rising Pune Supergiant",1,5
4,1,"Mumbai Indians","Rising Pune Supergiant",1,4
4,1,"Mumbai Indians","Rising Pune Supergiant",1,3
4,1,"Mumbai Indians","Rising Pune Supergiant",1,2
4,1,"Mumbai Indians","Rising Pune Supergiant",1,1
5,2,"Royal Challengers Bangalore","Sunrisers Hyderabad",20,4
5,2,"Royal Challengers Bangalore","Sunrisers Hyderabad",20,3
5,2,"Royal Challengers Bangalore","Sunrisers Hyderabad",20,2
5,2,"Royal Challengers Bangalore","Sunrisers Hyderabad",20,1
5,2,"Royal Challengers Bangalore","Sunrisers Hyderabad",19,6
5,2,"Royal Challengers Bangalore","Sunrisers Hyderabad",19,5
5,2,"Royal Challengers Bangalore","Sunrisers Hyderabad",19,4
5,2,"Royal Challengers Bangalore","Sunrisers Hyderabad",19,3
5,2,"Royal Challengers Bangalore","Sunrisers Hyderabad",19,2
5,2,"Royal Challengers Bangalore","Sunrisers Hyderabad",19,1
5,2,"Royal Challengers Bangalore","Sunrisers Hyderabad",18,6
5,2,"Royal Challengers Bangalore","Sunrisers Hyderabad",18,5
5,2,"Royal Challengers Bangalore","Sunrisers Hyderabad",18,4
5,2,"Royal Challengers Bangalore","Sunrisers Hyderabad",18,3
5,2,"Royal Challengers Bangalore","Sunrisers Hyderabad",18,2
5,2,"Royal Challengers Bangalore","Sunrisers Hyderabad",18,1
5,2,"Royal Challengers Bangalore","Sunrisers Hyderabad",17,6
5,2,"Royal Challengers Bangalore","Sunrisers Hyderabad",17,5
5,2,"Royal Challengers Bangalore","Sunrisers Hyderabad",17,4
5,2,"Royal Challengers Bangalore","Sunrisers Hyderabad",17,3
5,2,"Royal Challengers Bangalore","Sunrisers Hyderabad",17,2
5,2,"Royal Challengers Bangalore","Sunrisers Hyderabad",17,1
5,2,"Royal Challengers Bangalore","Sunrisers Hyderabad",16,6
5,2,"Royal Challengers Bangalore","Sunrisers Hyderabad",16,5
5,2,"Royal Challengers Bangalore","Sunrisers Hyderabad",16,4
5,2,"Royal Challengers Bangalore","Sunrisers Hyderabad",16,3
5,2,"Royal Challengers Bangalore","Sunrisers Hyderabad",16,2
5,2,"Royal Challengers Bangalore","Sunrisers Hyderabad",16,1
5,2,"Royal Challengers Bangalore","Sunrisers Hyderabad",15,6
5,2,"Royal Challengers Bangalore","Sunrisers Hyderabad",15,5
5,2,"Royal Challengers Bangalore","Sunrisers Hyderabad",15,4
5,2,"Royal Challengers Bangalore","Sunrisers Hyderabad",15,3
5,2,"Royal Challengers Bangalore","Sunrisers Hyderabad",15,2
5,2,"Royal Challengers Bangalore","Sunrisers Hyderabad",15,1
5,2,"Royal Challengers Bangalore","Sunrisers Hyderabad",14,6
5,2,"Royal Challengers Bangalore","Sunrisers Hyderabad",14,5
5,2,"Royal Challengers Bangalore","Sunrisers Hyderabad",14,4
5,2,"Royal Challengers Bangalore","Sunrisers Hyderabad",14,3
5,2,"Royal Challengers Bangalore","Sunrisers Hyderabad",14,2
5,2,"Royal Challengers Bangalore","Sunrisers Hyderabad",14,1
5,2,"Royal Challengers Bangalore","Sunrisers Hyderabad",13,6
5,2,"Royal Challengers Bangalore","Sunrisers Hyderabad",13,5
5,2,"Royal Challengers Bangalore","Sunrisers Hyderabad",13,4
5,2,"Royal Challengers Bangalore","Sunrisers Hyderabad",13,3
5,2,"Royal Challengers Bangalore","Sunrisers Hyderabad",13,2
5,2,"Royal Challengers Bangalore","Sunrisers Hyderabad",13,1
5,2,"Royal Challengers Bangalore","Sunrisers Hyderabad",12,6
5,2,"Royal Challengers Bangalore","Sunrisers Hyderabad",12,5
5,2,"Royal Challengers Bangalore","Sunrisers Hyderabad",12,4
5,2,"Royal Challengers Bangalore","Sunrisers Hyderabad",12,3
5,2,"Royal Challengers Bangalore","Sunrisers Hyderabad",12,2
5,2,"Royal Challengers Bangalore","Sunrisers Hyderabad",12,1
5,2,"Royal Challengers Bangalore","Sunrisers Hyderabad",11,7
5,2,"Royal Challengers Bangalore","Sunrisers Hyderabad",11,6
5,2,"Royal Challengers Bangalore","Sunrisers Hyderabad",11,5
5,2,"Royal Challengers Bangalore","Sunrisers Hyderabad",11,4
5,2,"Royal Challengers Bangalore","Sunrisers Hyderabad",11,3
5,2,"Royal Challengers Bangalore","Sunrisers Hyderabad",11,2
5,2,"Royal Challengers Bangalore","Sunrisers Hyderabad",11,1
5,2,"Royal Challengers Bangalore","Sunrisers Hyderabad",10,7
5,2,"Royal Challengers Bangalore","Sunrisers Hyderabad",10,6
5,2,"Royal Challengers Bangalore","Sunrisers Hyderabad",10,5
5,2,"Royal Challengers Bangalore","Sunrisers Hyderabad",10,4
5,2,"Royal Challengers Bangalore","Sunrisers Hyderabad",10,3
5,2,"Royal Challengers Bangalore","Sunrisers Hyderabad",10,2
5,2,"Royal Challengers Bangalore","Sunrisers Hyderabad",10,1
5,2,"Royal Challengers Bangalore","Sunrisers Hyderabad",9,7
5,2,"Royal Challengers Bangalore","Sunrisers Hyderabad",9,6
5,2,"Royal Challengers Bangalore","Sunrisers Hyderabad",9,5
5,2,"Royal Challengers Bangalore","Sunrisers Hyderabad",9,4
5,2,"Royal Challengers Bangalore","Sunrisers Hyderabad",9,3
5,2,"Royal Challengers Bangalore","Sunrisers Hyderabad",9,2
5,2,"Royal Challengers Bangalore","Sunrisers Hyderabad",9,1
5,2,"Royal Challengers Bangalore","Sunrisers Hyderabad",8,6
5,2,"Royal Challengers Bangalore","Sunrisers Hyderabad",8,5
5,2,"Royal Challengers Bangalore","Sunrisers Hyderabad",8,4
5,2,"Royal Challengers Bangalore","Sunrisers Hyderabad",8,3
5,2,"Royal Challengers Bangalore","Sunrisers Hyderabad",8,2
5,2,"Royal Challengers Bangalore","Sunrisers Hyderabad",8,1
5,2,"Royal Challengers Bangalore","Sunrisers Hyderabad",7,6
5,2,"Royal Challengers Bangalore","Sunrisers Hyderabad",7,5
5,2,"Royal Challengers Bangalore","Sunrisers Hyderabad",7,4
5,2,"Royal Challengers Bangalore","Sunrisers Hyderabad",7,3
5,2,"Royal Challengers Bangalore","Sunrisers Hyderabad",7,2
5,2,"Royal Challengers Bangalore","Sunrisers Hyderabad",7,1
5,2,"Royal Challengers Bangalore","Sunrisers Hyderabad",6,6
5,2,"Royal Challengers Bangalore","Sunrisers Hyderabad",6,5
5,2,"Royal Challengers Bangalore","Sunrisers Hyderabad",6,4
5,2,"Royal Challengers Bangalore","Sunrisers Hyderabad",6,3
5,2,"Royal Challengers Bangalore","Sunrisers Hyderabad",6,2
5,2,"Royal Challengers Bangalore","Sunrisers Hyderabad",6,1
5,2,"Royal Challengers Bangalore","Sunrisers Hyderabad",5,7
5,2,"Royal Challengers Bangalore","Sunrisers Hyderabad",5,6
5,2,"Royal Challengers Bangalore","Sunrisers Hyderabad",5,5
5,2,"Royal Challengers Bangalore","Sunrisers Hyderabad",5,4
5,2,"Royal Challengers Bangalore","Sunrisers Hyderabad",5,3
5,2,"Royal Challengers Bangalore","Sunrisers Hyderabad",5,2
5,2,"Royal Challengers Bangalore","Sunrisers Hyderabad",5,1
5,2,"Royal Challengers Bangalore","Sunrisers Hyderabad",4,7
5,2,"Royal Challengers Bangalore","Sunrisers Hyderabad",4,6
5,2,"Royal Challengers Bangalore","Sunrisers Hyderabad",4,5
5,2,"Royal Challengers Bangalore","Sunrisers Hyderabad",4,4
5,2,"Royal Challengers Bangalore","Sunrisers Hyderabad",4,3
5,2,"Royal Challengers Bangalore","Sunrisers Hyderabad",4,2
5,2,"Royal Challengers Bangalore","Sunrisers Hyderabad",4,1
5,2,"Royal Challengers Bangalore","Sunrisers Hyderabad",3,6
5,2,"Royal Challengers Bangalore","Sunrisers Hyderabad",3,5
5,2,"Royal Challengers Bangalore","Sunrisers Hyderabad",3,4
5,2,"Royal Challengers Bangalore","Sunrisers Hyderabad",3,3
5,2,"Royal Challengers Bangalore","Sunrisers Hyderabad",3,2
5,2,"Royal Challengers Bangalore","Sunrisers Hyderabad",3,1
5,2,"Royal Challengers Bangalore","Sunrisers Hyderabad",2,6
5,2,"Royal Challengers Bangalore","Sunrisers Hyderabad",2,5
5,2,"Royal Challengers Bangalore","Sunrisers Hyderabad",2,4
5,2,"Royal Challengers Bangalore","Sunrisers Hyderabad",2,3
5,2,"Royal Challengers Bangalore","Sunrisers Hyderabad",2,2
5,2,"Royal Challengers Bangalore","Sunrisers Hyderabad",2,1
5,2,"Royal Challengers Bangalore","Sunrisers Hyderabad",1,6
5,2,"Royal Challengers Bangalore","Sunrisers Hyderabad",1,5
5,2,"Royal Challengers Bangalore","Sunrisers Hyderabad",1,4
5,2,"Royal Challengers Bangalore","Sunrisers Hyderabad",1,3
5,2,"Royal Challengers Bangalore","Sunrisers Hyderabad",1,2
5,2,"Royal Challengers Bangalore","Sunrisers Hyderabad",1,1
5,1,"Sunrisers Hyderabad","Royal Challengers Bangalore",20,6
5,1,"Sunrisers Hyderabad","Royal Challengers Bangalore",20,5
5,1,"Sunrisers Hyderabad","Royal Challengers Bangalore",20,4
5,1,"Sunrisers Hyderabad","Royal Challengers Bangalore",20,3
5,1,"Sunrisers Hyderabad","Royal Challengers Bangalore",20,2
5,1,"Sunrisers Hyderabad","Royal Challengers Bangalore",20,1
5,1,"Sunrisers Hyderabad","Royal Challengers Bangalore",19,6
5,1,"Sunrisers Hyderabad","Royal Challengers Bangalore",19,5
5,1,"Sunrisers Hyderabad","Royal Challengers Bangalore",19,4
5,1,"Sunrisers Hyderabad","Royal Challengers Bangalore",19,3
5,1,"Sunrisers Hyderabad","Royal Challengers Bangalore",19,2
5,1,"Sunrisers Hyderabad","Royal Challengers Bangalore",19,1
5,1,"Sunrisers Hyderabad","Royal Challengers Bangalore",18,8
5,1,"Sunrisers Hyderabad","Royal Challengers Bangalore",18,7
5,1,"Sunrisers Hyderabad","Royal Challengers Bangalore",18,6
5,1,"Sunrisers Hyderabad","Royal Challengers Bangalore",18,5
5,1,"Sunrisers Hyderabad","Royal Challengers Bangalore",18,4
5,1,"Sunrisers Hyderabad","Royal Challengers Bangalore",18,3
5,1,"Sunrisers Hyderabad","Royal Challengers Bangalore",18,2
5,1,"Sunrisers Hyderabad","Royal Challengers Bangalore",18,1
5,1,"Sunrisers Hyderabad","Royal Challengers Bangalore",17,6
5,1,"Sunrisers Hyderabad","Royal Challengers Bangalore",17,5
5,1,"Sunrisers Hyderabad","Royal Challengers Bangalore",17,4
5,1,"Sunrisers Hyderabad","Royal Challengers Bangalore",17,3
5,1,"Sunrisers Hyderabad","Royal Challengers Bangalore",17,2
5,1,"Sunrisers Hyderabad","Royal Challengers Bangalore",17,1
5,1,"Sunrisers Hyderabad","Royal Challengers Bangalore",16,6
5,1,"Sunrisers Hyderabad","Royal Challengers Bangalore",16,5
5,1,"Sunrisers Hyderabad","Royal Challengers Bangalore",16,4
5,1,"Sunrisers Hyderabad","Royal Challengers Bangalore",16,3
5,1,"Sunrisers Hyderabad","Royal Challengers Bangalore",16,2
5,1,"Sunrisers Hyderabad","Royal Challengers Bangalore",16,1
5,1,"Sunrisers Hyderabad","Royal Challengers Bangalore",15,6
5,1,"Sunrisers Hyderabad","Royal Challengers Bangalore",15,5
5,1,"Sunrisers Hyderabad","Royal Challengers Bangalore",15,4
5,1,"Sunrisers Hyderabad","Royal Challengers Bangalore",15,3
5,1,"Sunrisers Hyderabad","Royal Challengers Bangalore",15,2
5,1,"Sunrisers Hyderabad","Royal Challengers Bangalore",15,1
5,1,"Sunrisers Hyderabad","Royal Challengers Bangalore",14,6
5,1,"Sunrisers Hyderabad","Royal Challengers Bangalore",14,5
5,1,"Sunrisers Hyderabad","Royal Challengers Bangalore",14,4
5,1,"Sunrisers Hyderabad","Royal Challengers Bangalore",14,3
5,1,"Sunrisers Hyderabad","Royal Challengers Bangalore",14,2
5,1,"Sunrisers Hyderabad","Royal Challengers Bangalore",14,1
5,1,"Sunrisers Hyderabad","Royal Challengers Bangalore",13,7
5,1,"Sunrisers Hyderabad","Royal Challengers Bangalore",13,6
5,1,"Sunrisers Hyderabad","Royal Challengers Bangalore",13,5
5,1,"Sunrisers Hyderabad","Royal Challengers Bangalore",13,4
5,1,"Sunrisers Hyderabad","Royal Challengers Bangalore",13,3
5,1,"Sunrisers Hyderabad","Royal Challengers Bangalore",13,2
5,1,"Sunrisers Hyderabad","Royal Challengers Bangalore",13,1
5,1,"Sunrisers Hyderabad","Royal Challengers Bangalore",12,6
5,1,"Sunrisers Hyderabad","Royal Challengers Bangalore",12,5
5,1,"Sunrisers Hyderabad","Royal Challengers Bangalore",12,4
5,1,"Sunrisers Hyderabad","Royal Challengers Bangalore",12,3
5,1,"Sunrisers Hyderabad","Royal Challengers Bangalore",12,2
5,1,"Sunrisers Hyderabad","Royal Challengers Bangalore",12,1
5,1,"Sunrisers Hyderabad","Royal Challengers Bangalore",11,6
5,1,"Sunrisers Hyderabad","Royal Challengers Bangalore",11,5
5,1,"Sunrisers Hyderabad","Royal Challengers Bangalore",11,4
5,1,"Sunrisers Hyderabad","Royal Challengers Bangalore",11,3
5,1,"Sunrisers Hyderabad","Royal Challengers Bangalore",11,2
5,1,"Sunrisers Hyderabad","Royal Challengers Bangalore",11,1
5,1,"Sunrisers Hyderabad","Royal Challengers Bangalore",10,6
5,1,"Sunrisers Hyderabad","Royal Challengers Bangalore",10,5
5,1,"Sunrisers Hyderabad","Royal Challengers Bangalore",10,4
5,1,"Sunrisers Hyderabad","Royal Challengers Bangalore",10,3
5,1,"Sunrisers Hyderabad","Royal Challengers Bangalore",10,2
5,1,"Sunrisers Hyderabad","Royal Challengers Bangalore",10,1
5,1,"Sunrisers Hyderabad","Royal Challengers Bangalore",9,6
5,1,"Sunrisers Hyderabad","Royal Challengers Bangalore",9,5
5,1,"Sunrisers Hyderabad","Royal Challengers Bangalore",9,4
5,1,"Sunrisers Hyderabad","Royal Challengers Bangalore",9,3
5,1,"Sunrisers Hyderabad","Royal Challengers Bangalore",9,2
5,1,"Sunrisers Hyderabad","Royal Challengers Bangalore",9,1
5,1,"Sunrisers Hyderabad","Royal Challengers Bangalore",8,6
5,1,"Sunrisers Hyderabad","Royal Challengers Bangalore",8,5
5,1,"Sunrisers Hyderabad","Royal Challengers Bangalore",8,4
5,1,"Sunrisers Hyderabad","Royal Challengers Bangalore",8,3
5,1,"Sunrisers Hyderabad","Royal Challengers Bangalore",8,2
5,1,"Sunrisers Hyderabad","Royal Challengers Bangalore",8,1
5,1,"Sunrisers Hyderabad","Royal Challengers Bangalore",7,6
5,1,"Sunrisers Hyderabad","Royal Challengers Bangalore",7,5
5,1,"Sunrisers Hyderabad","Royal Challengers Bangalore",7,4
5,1,"Sunrisers Hyderabad","Royal Challengers Bangalore",7,3
5,1,"Sunrisers Hyderabad","Royal Challengers Bangalore",7,2
5,1,"Sunrisers Hyderabad","Royal Challengers Bangalore",7,1
5,1,"Sunrisers Hyderabad","Royal Challengers Bangalore",6,6
5,1,"Sunrisers Hyderabad","Royal Challengers Bangalore",6,5
5,1,"Sunrisers Hyderabad","Royal Challengers Bangalore",6,4
5,1,"Sunrisers Hyderabad","Royal Challengers Bangalore",6,3
5,1,"Sunrisers Hyderabad","Royal Challengers Bangalore",6,2
5,1,"Sunrisers Hyderabad","Royal Challengers Bangalore",6,1
5,1,"Sunrisers Hyderabad","Royal Challengers Bangalore",5,6
5,1,"Sunrisers Hyderabad","Royal Challengers Bangalore",5,5
5,1,"Sunrisers Hyderabad","Royal Challengers Bangalore",5,4
5,1,"Sunrisers Hyderabad","Royal Challengers Bangalore",5,3
5,1,"Sunrisers Hyderabad","Royal Challengers Bangalore",5,2
5,1,"Sunrisers Hyderabad","Royal Challengers Bangalore",5,1
5,1,"Sunrisers Hyderabad","Royal Challengers Bangalore",4,6
5,1,"Sunrisers Hyderabad","Royal Challengers Bangalore",4,5
5,1,"Sunrisers Hyderabad","Royal Challengers Bangalore",4,4
5,1,"Sunrisers Hyderabad","Royal Challengers Bangalore",4,3
5,1,"Sunrisers Hyderabad","Royal Challengers Bangalore",4,2
5,1,"Sunrisers Hyderabad","Royal Challengers Bangalore",4,1
5,1,"Sunrisers Hyderabad","Royal Challengers Bangalore",3,6
5,1,"Sunrisers Hyderabad","Royal Challengers Bangalore",3,5
5,1,"Sunrisers Hyderabad","Royal Challengers Bangalore",3,4
5,1,"Sunrisers Hyderabad","Royal Challengers Bangalore",3,3
5,1,"Sunrisers Hyderabad","Royal Challengers Bangalore",3,2
5,1,"Sunrisers Hyderabad","Royal Challengers Bangalore",3,1
5,1,"Sunrisers Hyderabad","Royal Challengers Bangalore",2,7
5,1,"Sunrisers Hyderabad","Royal Challengers Bangalore",2,6
5,1,"Sunrisers Hyderabad","Royal Challengers Bangalore",2,5
5,1,"Sunrisers Hyderabad","Royal Challengers Bangalore",2,4
5,1,"Sunrisers Hyderabad","Royal Challengers Bangalore",2,3
5,1,"Sunrisers Hyderabad","Royal Challengers Bangalore",2,2
5,1,"Sunrisers Hyderabad","Royal Challengers Bangalore",2,1
5,1,"Sunrisers Hyderabad","Royal Challengers Bangalore",1,7
5,1,"Sunrisers Hyderabad","Royal Challengers Bangalore",1,6
5,1,"Sunrisers Hyderabad","Royal Challengers Bangalore",1,5
5,1,"Sunrisers Hyderabad","Royal Challengers Bangalore",1,4
5,1,"Sunrisers Hyderabad","Royal Challengers Bangalore",1,3
5,1,"Sunrisers Hyderabad","Royal Challengers Bangalore",1,2
5,1,"Sunrisers Hyderabad","Royal Challengers Bangalore",1,1
6,1,"Gujarat Lions","Kolkata Knight Riders",1,4
6,1,"Gujarat Lions","Kolkata Knight Riders",1,3
6,1,"Gujarat Lions","Kolkata Knight Riders",1,2
6,1,"Gujarat Lions","Kolkata Knight Riders",1,1
6,2,"Royal Challengers Bangalore","Sunrisers Hyderabad",20,4
6,2,"Royal Challengers Bangalore","Sunrisers Hyderabad",20,3
