Name,DOB,Match_ID,inning,Batting_Team,Bowling_Team,over,Ball
"DA Warner",27-Oct-86,1,1,"Sunrisers Hyderabad","Royal Challengers Bangalore",1,1
"TS Mills",,1,1,"Sunrisers Hyderabad","Royal Challengers Bangalore",1,1
"DA Warner",27-Oct-86,1,1,"Sunrisers Hyderabad","Royal Challengers Bangalore",1,2
"TS Mills",,1,1,"Sunrisers Hyderabad","Royal Challengers Bangalore",1,2
"DA Warner",27-Oct-86,1,1,"Sunrisers Hyderabad","Royal Challengers Bangalore",1,3
"TS Mills",,1,1,"Sunrisers Hyderabad","Royal Challengers Bangalore",1,3
"DA Warner",27-Oct-86,1,1,"Sunrisers Hyderabad","Royal Challengers Bangalore",1,4
"TS Mills",,1,1,"Sunrisers Hyderabad","Royal Challengers Bangalore",1,4
"DA Warner",27-Oct-86,1,1,"Sunrisers Hyderabad","Royal Challengers Bangalore",1,5
"TS Mills",,1,1,"Sunrisers Hyderabad","Royal Challengers Bangalore",1,5
"S Dhawan",5-Dec-85,1,1,"Sunrisers Hyderabad","Royal Challengers Bangalore",1,6
"TS Mills",,1,1,"Sunrisers Hyderabad","Royal Challengers Bangalore",1,6
"S Dhawan",5-Dec-85,1,1,"Sunrisers Hyderabad","Royal Challengers Bangalore",1,7
"TS Mills",,1,1,"Sunrisers Hyderabad","Royal Challengers Bangalore",1,7
"A Choudhary",,1,1,"Sunrisers Hyderabad","Royal Challengers Bangalore",2,1
"S Dhawan",5-Dec-85,1,1,"Sunrisers Hyderabad","Royal Challengers Bangalore",2,1
"A Choudhary",,1,1,"Sunrisers Hyderabad","Royal Challengers Bangalore",2,2
"DA Warner",27-Oct-86,1,1,"Sunrisers Hyderabad","Royal Challengers Bangalore",2,2
"A Choudhary",,1,1,"Sunrisers Hyderabad","Royal Challengers Bangalore",2,3
"DA Warner",27-Oct-86,1,1,"Sunrisers Hyderabad","Royal Challengers Bangalore",2,3
"A Choudhary",,1,1,"Sunrisers Hyderabad","Royal Challengers Bangalore",2,4
"DA Warner",27-Oct-86,1,1,"Sunrisers Hyderabad","Royal Challengers Bangalore",2,4
"A Choudhary",,1,1,"Sunrisers Hyderabad","Royal Challengers Bangalore",2,5
"DA Warner",27-Oct-86,1,1,"Sunrisers Hyderabad","Royal Challengers Bangalore",2,5
"A Choudhary",,1,1,"Sunrisers Hyderabad","Royal Challengers Bangalore",2,6
"MC Henriques",1-Feb-87,1,1,"Sunrisers Hyderabad","Royal Challengers Bangalore",2,6
"A Choudhary",,1,1,"Sunrisers Hyderabad","Royal Challengers Bangalore",2,7
"MC Henriques",1-Feb-87,1,1,"Sunrisers Hyderabad","Royal Challengers Bangalore",2,7
"S Dhawan",5-Dec-85,1,1,"Sunrisers Hyderabad","Royal Challengers Bangalore",3,1
"TS Mills",,1,1,"Sunrisers Hyderabad","Royal Challengers Bangalore",3,1
"MC Henriques",1-Feb-87,1,1,"Sunrisers Hyderabad","Royal Challengers Bangalore",3,2
"TS Mills",,1,1,"Sunrisers Hyderabad","Royal Challengers Bangalore",3,2
"MC Henriques",1-Feb-87,1,1,"Sunrisers Hyderabad","Royal Challengers Bangalore",3,3
"TS Mills",,1,1,"Sunrisers Hyderabad","Royal Challengers Bangalore",3,3
"MC Henriques",1-Feb-87,1,1,"Sunrisers Hyderabad","Royal Challengers Bangalore",3,4
"TS Mills",,1,1,"Sunrisers Hyderabad","Royal Challengers Bangalore",3,4
"S Dhawan",5-Dec-85,1,1,"Sunrisers Hyderabad","Royal Challengers Bangalore",3,5
"TS Mills",,1,1,"Sunrisers Hyderabad","Royal Challengers Bangalore",3,5
"MC Henriques",1-Feb-87,1,1,"Sunrisers Hyderabad","Royal Challengers Bangalore",3,6
"TS Mills",,1,1,"Sunrisers Hyderabad","Royal Challengers Bangalore",3,6
"MC Henriques",1-Feb-87,1,1,"Sunrisers Hyderabad","Royal Challengers Bangalore",4,1
"YS Chahal",23-Jul-90,1,1,"Sunrisers Hyderabad","Royal Challengers Bangalore",4,1
"MC Henriques",1-Feb-87,1,1,"Sunrisers Hyderabad","Royal Challengers Bangalore",4,2
"YS Chahal",23-Jul-90,1,1,"Sunrisers Hyderabad","Royal Challengers Bangalore",4,2
"S Dhawan",5-Dec-85,1,1,"Sunrisers Hyderabad","Royal Challengers Bangalore",4,3
"YS Chahal",23-Jul-90,1,1,"Sunrisers Hyderabad","Royal Challengers Bangalore",4,3
"S Dhawan",5-Dec-85,1,1,"Sunrisers Hyderabad","Royal Challengers Bangalore",4,4
"YS Chahal",23-Jul-90,1,1,"Sunrisers Hyderabad","Royal Challengers Bangalore",4,4
"MC Henriques",1-Feb-87,1,1,"Sunrisers Hyderabad","Royal Challengers Bangalore",4,5
"YS Chahal",23-Jul-90,1,1,"Sunrisers Hyderabad","Royal Challengers Bangalore",4,5
"S Dhawan",5-Dec-85,1,1,"Sunrisers Hyderabad","Royal Challengers Bangalore",4,6
"YS Chahal",23-Jul-90,1,1,"Sunrisers Hyderabad","Royal Challengers Bangalore",4,6
"S Aravind",8-Apr-84,1,1,"Sunrisers Hyderabad","Royal Challengers Bangalore",5,1
"S Dhawan",5-Dec-85,1,1,"Sunrisers Hyderabad","Royal Challengers Bangalore",5,1
"MC Henriques",1-Feb-87,1,1,"Sunrisers Hyderabad","Royal Challengers Bangalore",5,2
"S Aravind",8-Apr-84,1,1,"Sunrisers Hyderabad","Royal Challengers Bangalore",5,2
"S Aravind",8-Apr-84,1,1,"Sunrisers Hyderabad","Royal Challengers Bangalore",5,3
"S Dhawan",5-Dec-85,1,1,"Sunrisers Hyderabad","Royal Challengers Bangalore",5,3
"MC Henriques",1-Feb-87,1,1,"Sunrisers Hyderabad","Royal Challengers Bangalore",5,4
"S Aravind",8-Apr-84,1,1,"Sunrisers Hyderabad","Royal Challengers Bangalore",5,4
"MC Henriques",1-Feb-87,1,1,"Sunrisers Hyderabad","Royal Challengers Bangalore",5,5
"S Aravind",8-Apr-84,1,1,"Sunrisers Hyderabad","Royal Challengers Bangalore",5,5
"MC Henriques",1-Feb-87,1,1,"Sunrisers Hyderabad","Royal Challengers Bangalore",5,6
"S Aravind",8-Apr-84,1,1,"Sunrisers Hyderabad","Royal Challengers Bangalore",5,6
"S Dhawan",5-Dec-85,1,1,"Sunrisers Hyderabad","Royal Challengers Bangalore",6,1
"SR Watson",17-Jun-81,1,1,"Sunrisers Hyderabad","Royal Challengers Bangalore",6,1
"S Dhawan",5-Dec-85,1,1,"Sunrisers Hyderabad","Royal Challengers Bangalore",6,2
"SR Watson",17-Jun-81,1,1,"Sunrisers Hyderabad","Royal Challengers Bangalore",6,2
"S Dhawan",5-Dec-85,1,1,"Sunrisers Hyderabad","Royal Challengers Bangalore",6,3
"SR Watson",17-Jun-81,1,1,"Sunrisers Hyderabad","Royal Challengers Bangalore",6,3
"S Dhawan",5-Dec-85,1,1,"Sunrisers Hyderabad","Royal Challengers Bangalore",6,4
"SR Watson",17-Jun-81,1,1,"Sunrisers Hyderabad","Royal Challengers Bangalore",6,4
"S Dhawan",5-Dec-85,1,1,"Sunrisers Hyderabad","Royal Challengers Bangalore",6,5
"SR Watson",17-Jun-81,1,1,"Sunrisers Hyderabad","Royal Challengers Bangalore",6,5
"S Dhawan",5-Dec-85,1,1,"Sunrisers Hyderabad","Royal Challengers Bangalore",6,6
"SR Watson",17-Jun-81,1,1,"Sunrisers Hyderabad","Royal Challengers Bangalore",6,6
"S Dhawan",5-Dec-85,1,1,"Sunrisers Hyderabad","Royal Challengers Bangalore",7,1
"YS Chahal",23-Jul-90,1,1,"Sunrisers Hyderabad","Royal Challengers Bangalore",7,1
"MC Henriques",1-Feb-87,1,1,"Sunrisers Hyderabad","Royal Challengers Bangalore",7,2
"YS Chahal",23-Jul-90,1,1,"Sunrisers Hyderabad","Royal Challengers Bangalore",7,2
"MC Henriques",1-Feb-87,1,1,"Sunrisers Hyderabad","Royal Challengers Bangalore",7,3
"YS Chahal",23-Jul-90,1,1,"Sunrisers Hyderabad","Royal Challengers Bangalore",7,3
"S Dhawan",5-Dec-85,1,1,"Sunrisers Hyderabad","Royal Challengers Bangalore",7,4
"YS Chahal",23-Jul-90,1,1,"Sunrisers Hyderabad","Royal Challengers Bangalore",7,4
"MC Henriques",1-Feb-87,1,1,"Sunrisers Hyderabad","Royal Challengers Bangalore",7,5
"YS Chahal",23-Jul-90,1,1,"Sunrisers Hyderabad","Royal Challengers Bangalore",7,5
"S Dhawan",5-Dec-85,1,1,"Sunrisers Hyderabad","Royal Challengers Bangalore",7,6
"YS Chahal",23-Jul-90,1,1,"Sunrisers Hyderabad","Royal Challengers Bangalore",7,6
"S Dhawan",5-Dec-85,1,1,"Sunrisers Hyderabad","Royal Challengers Bangalore",8,1
"TM Head",29-Dec-93,1,1,"Sunrisers Hyderabad","Royal Challengers Bangalore",8,1
"MC Henriques",1-Feb-87,1,1,"Sunrisers Hyderabad","Royal Challengers Bangalore",8,2
"TM Head",29-Dec-93,1,1,"Sunrisers Hyderabad","Royal Challengers Bangalore",8,2
"S Dhawan",5-Dec-85,1,1,"Sunrisers Hyderabad","Royal Challengers Bangalore",8,3
"TM Head",29-Dec-93,1,1,"Sunrisers Hyderabad","Royal Challengers Bangalore",8,3
"MC Henriques",1-Feb-87,1,1,"Sunrisers Hyderabad","Royal Challengers Bangalore",8,4
"TM Head",29-Dec-93,1,1,"Sunrisers Hyderabad","Royal Challengers Bangalore",8,4
"MC Henriques",1-Feb-87,1,1,"Sunrisers Hyderabad","Royal Challengers Bangalore",8,5
"TM Head",29-Dec-93,1,1,"Sunrisers Hyderabad","Royal Challengers Bangalore",8,5
"S Dhawan",5-Dec-85,1,1,"Sunrisers Hyderabad","Royal Challengers Bangalore",8,6
"TM Head",29-Dec-93,1,1,"Sunrisers Hyderabad","Royal Challengers Bangalore",8,6
"S Dhawan",5-Dec-85,1,1,"Sunrisers Hyderabad","Royal Challengers Bangalore",9,1
"YS Chahal",23-Jul-90,1,1,"Sunrisers Hyderabad","Royal Challengers Bangalore",9,1
"S Dhawan",5-Dec-85,1,1,"Sunrisers Hyderabad","Royal Challengers Bangalore",9,2
"YS Chahal",23-Jul-90,1,1,"Sunrisers Hyderabad","Royal Challengers Bangalore",9,2
"MC Henriques",1-Feb-87,1,1,"Sunrisers Hyderabad","Royal Challengers Bangalore",9,3
"YS Chahal",23-Jul-90,1,1,"Sunrisers Hyderabad","Royal Challengers Bangalore",9,3
"S Dhawan",5-Dec-85,1,1,"Sunrisers Hyderabad","Royal Challengers Bangalore",9,4
"YS Chahal",23-Jul-90,1,1,"Sunrisers Hyderabad","Royal Challengers Bangalore",9,4
"MC Henriques",1-Feb-87,1,1,"Sunrisers Hyderabad","Royal Challengers Bangalore",9,5
"YS Chahal",23-Jul-90,1,1,"Sunrisers Hyderabad","Royal Challengers Bangalore",9,5
"MC Henriques",1-Feb-87,1,1,"Sunrisers Hyderabad","Royal Challengers Bangalore",9,6
"YS Chahal",23-Jul-90,1,1,"Sunrisers Hyderabad","Royal Challengers Bangalore",9,6
"A Choudhary",,1,1,"Sunrisers Hyderabad","Royal Challengers Bangalore",10,1
"S Dhawan",5-Dec-85,1,1,"Sunrisers Hyderabad","Royal Challengers Bangalore",10,1
"A Choudhary",,1,1,"Sunrisers Hyderabad","Royal Challengers Bangalore",10,2
"S Dhawan",5-Dec-85,1,1,"Sunrisers Hyderabad","Royal Challengers Bangalore",10,2
"A Choudhary",,1,1,"Sunrisers Hyderabad","Royal Challengers Bangalore",10,3
"MC Henriques",1-Feb-87,1,1,"Sunrisers Hyderabad","Royal Challengers Bangalore",10,3
"A Choudhary",,1,1,"Sunrisers Hyderabad","Royal Challengers Bangalore",10,4
"S Dhawan",5-Dec-85,1,1,"Sunrisers Hyderabad","Royal Challengers Bangalore",10,4
"A Choudhary",,1,1,"Sunrisers Hyderabad","Royal Challengers Bangalore",10,5
"MC Henriques",1-Feb-87,1,1,"Sunrisers Hyderabad","Royal Challengers Bangalore",10,5
"A Choudhary",,1,1,"Sunrisers Hyderabad","Royal Challengers Bangalore",10,6
"S Dhawan",5-Dec-85,1,1,"Sunrisers Hyderabad","Royal Challengers Bangalore",10,6
"MC Henriques",1-Feb-87,1,1,"Sunrisers Hyderabad","Royal Challengers Bangalore",11,1
"STR Binny",3-Jun-84,1,1,"Sunrisers Hyderabad","Royal Challengers Bangalore",11,1
"S Dhawan",5-Dec-85,1,1,"Sunrisers Hyderabad","Royal Challengers Bangalore",11,2
"STR Binny",3-Jun-84,1,1,"Sunrisers Hyderabad","Royal Challengers Bangalore",11,2
"S Dhawan",5-Dec-85,1,1,"Sunrisers Hyderabad","Royal Challengers Bangalore",11,3
"STR Binny",3-Jun-84,1,1,"Sunrisers Hyderabad","Royal Challengers Bangalore",11,3
"MC Henriques",1-Feb-87,1,1,"Sunrisers Hyderabad","Royal Challengers Bangalore",11,4
"STR Binny",3-Jun-84,1,1,"Sunrisers Hyderabad","Royal Challengers Bangalore",11,4
"STR Binny",3-Jun-84,1,1,"Sunrisers Hyderabad","Royal Challengers Bangalore",11,5
"Yuvraj Singh",12-Dec-81,1,1,"Sunrisers Hyderabad","Royal Challengers Bangalore",11,5
"STR Binny",3-Jun-84,1,1,"Sunrisers Hyderabad","Royal Challengers Bangalore",11,6
"Yuvraj Singh",12-Dec-81,1,1,"Sunrisers Hyderabad","Royal Challengers Bangalore",11,6
"MC Henriques",1-Feb-87,1,1,"Sunrisers Hyderabad","Royal Challengers Bangalore",12,1
"S Aravind",8-Apr-84,1,1,"Sunrisers Hyderabad","Royal Challengers Bangalore",12,1
"S Aravind",8-Apr-84,1,1,"Sunrisers Hyderabad","Royal Challengers Bangalore",12,2
"Yuvraj Singh",12-Dec-81,1,1,"Sunrisers Hyderabad","Royal Challengers Bangalore",12,2
"S Aravind",8-Apr-84,1,1,"Sunrisers Hyderabad","Royal Challengers Bangalore",12,3
"Yuvraj Singh",12-Dec-81,1,1,"Sunrisers Hyderabad","Royal Challengers Bangalore",12,3
"MC Henriques",1-Feb-87,1,1,"Sunrisers Hyderabad","Royal Challengers Bangalore",12,4
"S Aravind",8-Apr-84,1,1,"Sunrisers Hyderabad","Royal Challengers Bangalore",12,4
"S Aravind",8-Apr-84,1,1,"Sunrisers Hyderabad","Royal Challengers Bangalore",12,5
"Yuvraj Singh",12-Dec-81,1,1,"Sunrisers Hyderabad","Royal Challengers Bangalore",12,5
"S Aravind",8-Apr-84,1,1,"Sunrisers Hyderabad","Royal Challengers Bangalore",12,6
"Yuvraj Singh",12-Dec-81,1,1,"Sunrisers Hyderabad","Royal Challengers Bangalore",12,6
"A Choudhary",,1,1,"Sunrisers Hyderabad","Royal Challengers Bangalore",13,1
"Yuvraj Singh",12-Dec-81,1,1,"Sunrisers Hyderabad","Royal Challengers Bangalore",13,1
"A Choudhary",,1,1,"Sunrisers Hyderabad","Royal Challengers Bangalore",13,2
"Yuvraj Singh",12-Dec-81,1,1,"Sunrisers Hyderabad","Royal Challengers Bangalore",13,2
"A Choudhary",,1,1,"Sunrisers Hyderabad","Royal Challengers Bangalore",13,3
"Yuvraj Singh",12-Dec-81,1,1,"Sunrisers Hyderabad","Royal Challengers Bangalore",13,3
"A Choudhary",,1,1,"Sunrisers Hyderabad","Royal Challengers Bangalore",13,4
"Yuvraj Singh",12-Dec-81,1,1,"Sunrisers Hyderabad","Royal Challengers Bangalore",13,4
"A Choudhary",,1,1,"Sunrisers Hyderabad","Royal Challengers Bangalore",13,5
"Yuvraj Singh",12-Dec-81,1,1,"Sunrisers Hyderabad","Royal Challengers Bangalore",13,5
"A Choudhary",,1,1,"Sunrisers Hyderabad","Royal Challengers Bangalore",13,6
"Yuvraj Singh",12-Dec-81,1,1,"Sunrisers Hyderabad","Royal Challengers Bangalore",13,6
"A Choudhary",,1,1,"Sunrisers Hyderabad","Royal Challengers Bangalore",13,7
"Yuvraj Singh",12-Dec-81,1,1,"Sunrisers Hyderabad","Royal Challengers Bangalore",13,7
"SR Watson",17-Jun-81,1,1,"Sunrisers Hyderabad","Royal Challengers Bangalore",14,1
"Yuvraj Singh",12-Dec-81,1,1,"Sunrisers Hyderabad","Royal Challengers Bangalore",14,1
"SR Watson",17-Jun-81,1,1,"Sunrisers Hyderabad","Royal Challengers Bangalore",14,2
"Yuvraj Singh",12-Dec-81,1,1,"Sunrisers Hyderabad","Royal Challengers Bangalore",14,2
"MC Henriques",1-Feb-87,1,1,"Sunrisers Hyderabad","Royal Challengers Bangalore",14,3
"SR Watson",17-Jun-81,1,1,"Sunrisers Hyderabad","Royal Challengers Bangalore",14,3
"SR Watson",17-Jun-81,1,1,"Sunrisers Hyderabad","Royal Challengers Bangalore",14,4
"Yuvraj Singh",12-Dec-81,1,1,"Sunrisers Hyderabad","Royal Challengers Bangalore",14,4
"MC Henriques",1-Feb-87,1,1,"Sunrisers Hyderabad","Royal Challengers Bangalore",14,5
"SR Watson",17-Jun-81,1,1,"Sunrisers Hyderabad","Royal Challengers Bangalore",14,5
"MC Henriques",1-Feb-87,1,1,"Sunrisers Hyderabad","Royal Challengers Bangalore",14,6
"SR Watson",17-Jun-81,1,1,"Sunrisers Hyderabad","Royal Challengers Bangalore",14,6
"MC Henriques",1-Feb-87,1,1,"Sunrisers Hyderabad","Royal Challengers Bangalore",15,1
"S Aravind",8-Apr-84,1,1,"Sunrisers Hyderabad","Royal Challengers Bangalore",15,1
"MC Henriques",1-Feb-87,1,1,"Sunrisers Hyderabad","Royal Challengers Bangalore",15,2
"S Aravind",8-Apr-84,1,1,"Sunrisers Hyderabad","Royal Challengers Bangalore",15,2
"S Aravind",8-Apr-84,1,1,"Sunrisers Hyderabad","Royal Challengers Bangalore",15,3
"Yuvraj Singh",12-Dec-81,1,1,"Sunrisers Hyderabad","Royal Challengers Bangalore",15,3
"S Aravind",8-Apr-84,1,1,"Sunrisers Hyderabad","Royal Challengers Bangalore",15,4
"Yuvraj Singh",12-Dec-81,1,1,"Sunrisers Hyderabad","Royal Challengers Bangalore",15,4
"MC Henriques",1-Feb-87,1,1,"Sunrisers Hyderabad","Royal Challengers Bangalore",15,5
"S Aravind",8-Apr-84,1,1,"Sunrisers Hyderabad","Royal Challengers Bangalore",15,5
"MC Henriques",1-Feb-87,1,1,"Sunrisers Hyderabad","Royal Challengers Bangalore",15,6
"S Aravind",8-Apr-84,1,1,"Sunrisers Hyderabad","Royal Challengers Bangalore",15,6
"MC Henriques",1-Feb-87,1,1,"Sunrisers Hyderabad","Royal Challengers Bangalore",16,1
"YS Chahal",23-Jul-90,1,1,"Sunrisers Hyderabad","Royal Challengers Bangalore",16,1
"MC Henriques",1-Feb-87,1,1,"Sunrisers Hyderabad","Royal Challengers Bangalore",16,2
"YS Chahal",23-Jul-90,1,1,"Sunrisers Hyderabad","Royal Challengers Bangalore",16,2
"YS Chahal",23-Jul-90,1,1,"Sunrisers Hyderabad","Royal Challengers Bangalore",16,3
"Yuvraj Singh",12-Dec-81,1,1,"Sunrisers Hyderabad","Royal Challengers Bangalore",16,3
"DJ Hooda",19-Apr-95,1,1,"Sunrisers Hyderabad","Royal Challengers Bangalore",16,4
"YS Chahal",23-Jul-90,1,1,"Sunrisers Hyderabad","Royal Challengers Bangalore",16,4
"YS Chahal",23-Jul-90,1,1,"Sunrisers Hyderabad","Royal Challengers Bangalore",16,5
"Yuvraj Singh",12-Dec-81,1,1,"Sunrisers Hyderabad","Royal Challengers Bangalore",16,5
"DJ Hooda",19-Apr-95,1,1,"Sunrisers Hyderabad","Royal Challengers Bangalore",16,6
"YS Chahal",23-Jul-90,1,1,"Sunrisers Hyderabad","Royal Challengers Bangalore",16,6
"DJ Hooda",19-Apr-95,1,1,"Sunrisers Hyderabad","Royal Challengers Bangalore",17,1
"TS Mills",,1,1,"Sunrisers Hyderabad","Royal Challengers Bangalore",17,1
"TS Mills",,1,1,"Sunrisers Hyderabad","Royal Challengers Bangalore",17,2
"Yuvraj Singh",12-Dec-81,1,1,"Sunrisers Hyderabad","Royal Challengers Bangalore",17,2
"TS Mills",,1,1,"Sunrisers Hyderabad","Royal Challengers Bangalore",17,3
"Yuvraj Singh",12-Dec-81,1,1,"Sunrisers Hyderabad","Royal Challengers Bangalore",17,3
"TS Mills",,1,1,"Sunrisers Hyderabad","Royal Challengers Bangalore",17,4
"Yuvraj Singh",12-Dec-81,1,1,"Sunrisers Hyderabad","Royal Challengers Bangalore",17,4
"DJ Hooda",19-Apr-95,1,1,"Sunrisers Hyderabad","Royal Challengers Bangalore",17,5
"TS Mills",,1,1,"Sunrisers Hyderabad","Royal Challengers Bangalore",17,5
"DJ Hooda",19-Apr-95,1,1,"Sunrisers Hyderabad","Royal Challengers Bangalore",17,6
"TS Mills",,1,1,"Sunrisers Hyderabad","Royal Challengers Bangalore",17,6
"A Choudhary",,1,1,"Sunrisers Hyderabad","Royal Challengers Bangalore",18,1
"DJ Hooda",19-Apr-95,1,1,"Sunrisers Hyderabad","Royal Challengers Bangalore",18,1
"A Choudhary",,1,1,"Sunrisers Hyderabad","Royal Challengers Bangalore",18,2
"DJ Hooda",19-Apr-95,1,1,"Sunrisers Hyderabad","Royal Challengers Bangalore",18,2
"A Choudhary",,1,1,"Sunrisers Hyderabad","Royal Challengers Bangalore",18,3
"Yuvraj Singh",12-Dec-81,1,1,"Sunrisers Hyderabad","Royal Challengers Bangalore",18,3
"A Choudhary",,1,1,"Sunrisers Hyderabad","Royal Challengers Bangalore",18,4
"Yuvraj Singh",12-Dec-81,1,1,"Sunrisers Hyderabad","Royal Challengers Bangalore",18,4
"A Choudhary",,1,1,"Sunrisers Hyderabad","Royal Challengers Bangalore",18,5
"Yuvraj Singh",12-Dec-81,1,1,"Sunrisers Hyderabad","Royal Challengers Bangalore",18,5
"A Choudhary",,1,1,"Sunrisers Hyderabad","Royal Challengers Bangalore",18,6
"Yuvraj Singh",12-Dec-81,1,1,"Sunrisers Hyderabad","Royal Challengers Bangalore",18,6
"A Choudhary",,1,1,"Sunrisers Hyderabad","Royal Challengers Bangalore",18,7
"DJ Hooda",19-Apr-95,1,1,"Sunrisers Hyderabad","Royal Challengers Bangalore",18,7
"A Choudhary",,1,1,"Sunrisers Hyderabad","Royal Challengers Bangalore",18,8
"DJ Hooda",19-Apr-95,1,1,"Sunrisers Hyderabad","Royal Challengers Bangalore",18,8
"DJ Hooda",19-Apr-95,1,1,"Sunrisers Hyderabad","Royal Challengers Bangalore",19,1
"TS Mills",,1,1,"Sunrisers Hyderabad","Royal Challengers Bangalore",19,1
"TS Mills",,1,1,"Sunrisers Hyderabad","Royal Challengers Bangalore",19,2
"Yuvraj Singh",12-Dec-81,1,1,"Sunrisers Hyderabad","Royal Challengers Bangalore",19,2
"TS Mills",,1,1,"Sunrisers Hyderabad","Royal Challengers Bangalore",19,3
"Yuvraj Singh",12-Dec-81,1,1,"Sunrisers Hyderabad","Royal Challengers Bangalore",19,3
"TS Mills",,1,1,"Sunrisers Hyderabad","Royal Challengers Bangalore",19,4
"Yuvraj Singh",12-Dec-81,1,1,"Sunrisers Hyderabad","Royal Challengers Bangalore",19,4
"BCJ Cutting",30-Jan-87,1,1,"Sunrisers Hyderabad","Royal Challengers Bangalore",19,5
"TS Mills",,1,1,"Sunrisers Hyderabad","Royal Challengers Bangalore",19,5
"DJ Hooda",19-Apr-95,1,1,"Sunrisers Hyderabad","Royal Challengers Bangalore",19,6
"TS Mills",,1,1,"Sunrisers Hyderabad","Royal Challengers Bangalore",19,6
"BCJ Cutting",30-Jan-87,1,1,"Sunrisers Hyderabad","Royal Challengers Bangalore",20,1
"SR Watson",17-Jun-81,1,1,"Sunrisers Hyderabad","Royal Challengers Bangalore",20,1
"DJ Hooda",19-Apr-95,1,1,"Sunrisers Hyderabad","Royal Challengers Bangalore",20,2
"SR Watson",17-Jun-81,1,1,"Sunrisers Hyderabad","Royal Challengers Bangalore",20,2
"BCJ Cutting",30-Jan-87,1,1,"Sunrisers Hyderabad","Royal Challengers Bangalore",20,3
"SR Watson",17-Jun-81,1,1,"Sunrisers Hyderabad","Royal Challengers Bangalore",20,3
"BCJ Cutting",30-Jan-87,1,1,"Sunrisers Hyderabad","Royal Challengers Bangalore",20,4
"SR Watson",17-Jun-81,1,1,"Sunrisers Hyderabad","Royal Challengers Bangalore",20,4
"BCJ Cutting",30-Jan-87,1,1,"Sunrisers Hyderabad","Royal Challengers Bangalore",20,5
"SR Watson",17-Jun-81,1,1,"Sunrisers Hyderabad","Royal Challengers Bangalore",20,5
"BCJ Cutting",30-Jan-87,1,1,"Sunrisers Hyderabad","Royal Challengers Bangalore",20,6
"SR Watson",17-Jun-81,1,1,"Sunrisers Hyderabad","Royal Challengers Bangalore",20,6
"A Nehra",29-Apr-79,1,2,"Royal Challengers Bangalore","Sunrisers Hyderabad",1,1
"CH Gayle",21-Sep-79,1,2,"Royal Challengers Bangalore","Sunrisers Hyderabad",1,1
"A Nehra",29-Apr-79,1,2,"Royal Challengers Bangalore","Sunrisers Hyderabad",1,2
"Mandeep Singh",18-Dec-91,1,2,"Royal Challengers Bangalore","Sunrisers Hyderabad",1,2
"A Nehra",29-Apr-79,1,2,"Royal Challengers Bangalore","Sunrisers Hyderabad",1,3
"Mandeep Singh",18-Dec-91,1,2,"Royal Challengers Bangalore","Sunrisers Hyderabad",1,3
"A Nehra",29-Apr-79,1,2,"Royal Challengers Bangalore","Sunrisers Hyderabad",1,4
"Mandeep Singh",18-Dec-91,1,2,"Royal Challengers Bangalore","Sunrisers Hyderabad",1,4
"A Nehra",29-Apr-79,1,2,"Royal Challengers Bangalore","Sunrisers Hyderabad",1,5
"Mandeep Singh",18-Dec-91,1,2,"Royal Challengers Bangalore","Sunrisers Hyderabad",1,5
"A Nehra",29-Apr-79,1,2,"Royal Challengers Bangalore","Sunrisers Hyderabad",1,6
"Mandeep Singh",18-Dec-91,1,2,"Royal Challengers Bangalore","Sunrisers Hyderabad",1,6
"B Kumar",5-Feb-90,1,2,"Royal Challengers Bangalore","Sunrisers Hyderabad",2,1
"CH Gayle",21-Sep-79,1,2,"Royal Challengers Bangalore","Sunrisers Hyderabad",2,1
"B Kumar",5-Feb-90,1,2,"Royal Challengers Bangalore","Sunrisers Hyderabad",2,2
"CH Gayle",21-Sep-79,1,2,"Royal Challengers Bangalore","Sunrisers Hyderabad",2,2
"B Kumar",5-Feb-90,1,2,"Royal Challengers Bangalore","Sunrisers Hyderabad",2,3
"CH Gayle",21-Sep-79,1,2,"Royal Challengers Bangalore","Sunrisers Hyderabad",2,3
"B Kumar",5-Feb-90,1,2,"Royal Challengers Bangalore","Sunrisers Hyderabad",2,4
"Mandeep Singh",18-Dec-91,1,2,"Royal Challengers Bangalore","Sunrisers Hyderabad",2,4
"B Kumar",5-Feb-90,1,2,"Royal Challengers Bangalore","Sunrisers Hyderabad",2,5
"Mandeep Singh",18-Dec-91,1,2,"Royal Challengers Bangalore","Sunrisers Hyderabad",2,5
"B Kumar",5-Feb-90,1,2,"Royal Challengers Bangalore","Sunrisers Hyderabad",2,6
"Mandeep Singh",18-Dec-91,1,2,"Royal Challengers Bangalore","Sunrisers Hyderabad",2,6
"A Nehra",29-Apr-79,1,2,"Royal Challengers Bangalore","Sunrisers Hyderabad",3,1
"CH Gayle",21-Sep-79,1,2,"Royal Challengers Bangalore","Sunrisers Hyderabad",3,1
"A Nehra",29-Apr-79,1,2,"Royal Challengers Bangalore","Sunrisers Hyderabad",3,2
"CH Gayle",21-Sep-79,1,2,"Royal Challengers Bangalore","Sunrisers Hyderabad",3,2
"A Nehra",29-Apr-79,1,2,"Royal Challengers Bangalore","Sunrisers Hyderabad",3,3
"CH Gayle",21-Sep-79,1,2,"Royal Challengers Bangalore","Sunrisers Hyderabad",3,3
"A Nehra",29-Apr-79,1,2,"Royal Challengers Bangalore","Sunrisers Hyderabad",3,4
"Mandeep Singh",18-Dec-91,1,2,"Royal Challengers Bangalore","Sunrisers Hyderabad",3,4
"A Nehra",29-Apr-79,1,2,"Royal Challengers Bangalore","Sunrisers Hyderabad",3,5
"Mandeep Singh",18-Dec-91,1,2,"Royal Challengers Bangalore","Sunrisers Hyderabad",3,5
"A Nehra",29-Apr-79,1,2,"Royal Challengers Bangalore","Sunrisers Hyderabad",3,6
"CH Gayle",21-Sep-79,1,2,"Royal Challengers Bangalore","Sunrisers Hyderabad",3,6
"B Kumar",5-Feb-90,1,2,"Royal Challengers Bangalore","Sunrisers Hyderabad",4,1
"Mandeep Singh",18-Dec-91,1,2,"Royal Challengers Bangalore","Sunrisers Hyderabad",4,1
"B Kumar",5-Feb-90,1,2,"Royal Challengers Bangalore","Sunrisers Hyderabad",4,2
"CH Gayle",21-Sep-79,1,2,"Royal Challengers Bangalore","Sunrisers Hyderabad",4,2
"B Kumar",5-Feb-90,1,2,"Royal Challengers Bangalore","Sunrisers Hyderabad",4,3
"CH Gayle",21-Sep-79,1,2,"Royal Challengers Bangalore","Sunrisers Hyderabad",4,3
"B Kumar",5-Feb-90,1,2,"Royal Challengers Bangalore","Sunrisers Hyderabad",4,4
"CH Gayle",21-Sep-79,1,2,"Royal Challengers Bangalore","Sunrisers Hyderabad",4,4
"B Kumar",5-Feb-90,1,2,"Royal Challengers Bangalore","Sunrisers Hyderabad",4,5
"CH Gayle",21-Sep-79,1,2,"Royal Challengers Bangalore","Sunrisers Hyderabad",4,5
"B Kumar",5-Feb-90,1,2,"Royal Challengers Bangalore","Sunrisers Hyderabad",4,6
"CH Gayle",21-Sep-79,1,2,"Royal Challengers Bangalore","Sunrisers Hyderabad",4,6
"B Kumar",5-Feb-90,1,2,"Royal Challengers Bangalore","Sunrisers Hyderabad",4,7
"Mandeep Singh",18-Dec-91,1,2,"Royal Challengers Bangalore","Sunrisers Hyderabad",4,7
"BCJ Cutting",30-Jan-87,1,2,"Royal Challengers Bangalore","Sunrisers Hyderabad",5,1
"CH Gayle",21-Sep-79,1,2,"Royal Challengers Bangalore","Sunrisers Hyderabad",5,1
"BCJ Cutting",30-Jan-87,1,2,"Royal Challengers Bangalore","Sunrisers Hyderabad",5,2
"CH Gayle",21-Sep-79,1,2,"Royal Challengers Bangalore","Sunrisers Hyderabad",5,2
"BCJ Cutting",30-Jan-87,1,2,"Royal Challengers Bangalore","Sunrisers Hyderabad",5,3
"CH Gayle",21-Sep-79,1,2,"Royal Challengers Bangalore","Sunrisers Hyderabad",5,3
"BCJ Cutting",30-Jan-87,1,2,"Royal Challengers Bangalore","Sunrisers Hyderabad",5,4
"CH Gayle",21-Sep-79,1,2,"Royal Challengers Bangalore","Sunrisers Hyderabad",5,4
"BCJ Cutting",30-Jan-87,1,2,"Royal Challengers Bangalore","Sunrisers Hyderabad",5,5
"CH Gayle",21-Sep-79,1,2,"Royal Challengers Bangalore","Sunrisers Hyderabad",5,5
"BCJ Cutting",30-Jan-87,1,2,"Royal Challengers Bangalore","Sunrisers Hyderabad",5,6
"CH Gayle",21-Sep-79,1,2,"Royal Challengers Bangalore","Sunrisers Hyderabad",5,6
"BCJ Cutting",30-Jan-87,1,2,"Royal Challengers Bangalore","Sunrisers Hyderabad",5,7
"CH Gayle",21-Sep-79,1,2,"Royal Challengers Bangalore","Sunrisers Hyderabad",5,7
"Mandeep Singh",18-Dec-91,1,2,"Royal Challengers Bangalore","Sunrisers Hyderabad",6,1
"Rashid Khan",,1,2,"Royal Challengers Bangalore","Sunrisers Hyderabad",6,1
"Mandeep Singh",18-Dec-91,1,2,"Royal Challengers Bangalore","Sunrisers Hyderabad",6,2
"Rashid Khan",,1,2,"Royal Challengers Bangalore","Sunrisers Hyderabad",6,2
"Mandeep Singh",18-Dec-91,1,2,"Royal Challengers Bangalore","Sunrisers Hyderabad",6,3
"Rashid Khan",,1,2,"Royal Challengers Bangalore","Sunrisers Hyderabad",6,3
"Mandeep Singh",18-Dec-91,1,2,"Royal Challengers Bangalore","Sunrisers Hyderabad",6,4
"Rashid Khan",,1,2,"Royal Challengers Bangalore","Sunrisers Hyderabad",6,4
"Rashid Khan",,1,2,"Royal Challengers Bangalore","Sunrisers Hyderabad",6,5
"TM Head",29-Dec-93,1,2,"Royal Challengers Bangalore","Sunrisers Hyderabad",6,5
"Rashid Khan",,1,2,"Royal Challengers Bangalore","Sunrisers Hyderabad",6,6
"TM Head",29-Dec-93,1,2,"Royal Challengers Bangalore","Sunrisers Hyderabad",6,6
"CH Gayle",21-Sep-79,1,2,"Royal Challengers Bangalore","Sunrisers Hyderabad",7,1
"DJ Hooda",19-Apr-95,1,2,"Royal Challengers Bangalore","Sunrisers Hyderabad",7,1
"CH Gayle",21-Sep-79,1,2,"Royal Challengers Bangalore","Sunrisers Hyderabad",7,2
"DJ Hooda",19-Apr-95,1,2,"Royal Challengers Bangalore","Sunrisers Hyderabad",7,2
"CH Gayle",21-Sep-79,1,2,"Royal Challengers Bangalore","Sunrisers Hyderabad",7,3
"DJ Hooda",19-Apr-95,1,2,"Royal Challengers Bangalore","Sunrisers Hyderabad",7,3
"DJ Hooda",19-Apr-95,1,2,"Royal Challengers Bangalore","Sunrisers Hyderabad",7,4
"TM Head",29-Dec-93,1,2,"Royal Challengers Bangalore","Sunrisers Hyderabad",7,4
"DJ Hooda",19-Apr-95,1,2,"Royal Challengers Bangalore","Sunrisers Hyderabad",7,5
"TM Head",29-Dec-93,1,2,"Royal Challengers Bangalore","Sunrisers Hyderabad",7,5
"DJ Hooda",19-Apr-95,1,2,"Royal Challengers Bangalore","Sunrisers Hyderabad",7,6
"KM Jadhav",26-Mar-85,1,2,"Royal Challengers Bangalore","Sunrisers Hyderabad",7,6
"Rashid Khan",,1,2,"Royal Challengers Bangalore","Sunrisers Hyderabad",8,1
"TM Head",29-Dec-93,1,2,"Royal Challengers Bangalore","Sunrisers Hyderabad",8,1
"Rashid Khan",,1,2,"Royal Challengers Bangalore","Sunrisers Hyderabad",8,2
"TM Head",29-Dec-93,1,2,"Royal Challengers Bangalore","Sunrisers Hyderabad",8,2
"Rashid Khan",,1,2,"Royal Challengers Bangalore","Sunrisers Hyderabad",8,3
"TM Head",29-Dec-93,1,2,"Royal Challengers Bangalore","Sunrisers Hyderabad",8,3
"KM Jadhav",26-Mar-85,1,2,"Royal Challengers Bangalore","Sunrisers Hyderabad",8,4
"Rashid Khan",,1,2,"Royal Challengers Bangalore","Sunrisers Hyderabad",8,4
"Rashid Khan",,1,2,"Royal Challengers Bangalore","Sunrisers Hyderabad",8,5
"TM Head",29-Dec-93,1,2,"Royal Challengers Bangalore","Sunrisers Hyderabad",8,5
"KM Jadhav",26-Mar-85,1,2,"Royal Challengers Bangalore","Sunrisers Hyderabad",8,6
"Rashid Khan",,1,2,"Royal Challengers Bangalore","Sunrisers Hyderabad",8,6
"BCJ Cutting",30-Jan-87,1,2,"Royal Challengers Bangalore","Sunrisers Hyderabad",9,1
"TM Head",29-Dec-93,1,2,"Royal Challengers Bangalore","Sunrisers Hyderabad",9,1
"BCJ Cutting",30-Jan-87,1,2,"Royal Challengers Bangalore","Sunrisers Hyderabad",9,2
"KM Jadhav",26-Mar-85,1,2,"Royal Challengers Bangalore","Sunrisers Hyderabad",9,2
"BCJ Cutting",30-Jan-87,1,2,"Royal Challengers Bangalore","Sunrisers Hyderabad",9,3
"KM Jadhav",26-Mar-85,1,2,"Royal Challengers Bangalore","Sunrisers Hyderabad",9,3
"BCJ Cutting",30-Jan-87,1,2,"Royal Challengers Bangalore","Sunrisers Hyderabad",9,4
"KM Jadhav",26-Mar-85,1,2,"Royal Challengers Bangalore","Sunrisers Hyderabad",9,4
"BCJ Cutting",30-Jan-87,1,2,"Royal Challengers Bangalore","Sunrisers Hyderabad",9,5
"TM Head",29-Dec-93,1,2,"Royal Challengers Bangalore","Sunrisers Hyderabad",9,5
"BCJ Cutting",30-Jan-87,1,2,"Royal Challengers Bangalore","Sunrisers Hyderabad",9,6
"KM Jadhav",26-Mar-85,1,2,"Royal Challengers Bangalore","Sunrisers Hyderabad",9,6
"BCJ Cutting",30-Jan-87,1,2,"Royal Challengers Bangalore","Sunrisers Hyderabad",9,7
"KM Jadhav",26-Mar-85,1,2,"Royal Challengers Bangalore","Sunrisers Hyderabad",9,7
"KM Jadhav",26-Mar-85,1,2,"Royal Challengers Bangalore","Sunrisers Hyderabad",10,1
"MC Henriques",1-Feb-87,1,2,"Royal Challengers Bangalore","Sunrisers Hyderabad",10,1
"MC Henriques",1-Feb-87,1,2,"Royal Challengers Bangalore","Sunrisers Hyderabad",10,2
"TM Head",29-Dec-93,1,2,"Royal Challengers Bangalore","Sunrisers Hyderabad",10,2
"MC Henriques",1-Feb-87,1,2,"Royal Challengers Bangalore","Sunrisers Hyderabad",10,3
"TM Head",29-Dec-93,1,2,"Royal Challengers Bangalore","Sunrisers Hyderabad",10,3
"KM Jadhav",26-Mar-85,1,2,"Royal Challengers Bangalore","Sunrisers Hyderabad",10,4
"MC Henriques",1-Feb-87,1,2,"Royal Challengers Bangalore","Sunrisers Hyderabad",10,4
"MC Henriques",1-Feb-87,1,2,"Royal Challengers Bangalore","Sunrisers Hyderabad",10,5
"TM Head",29-Dec-93,1,2,"Royal Challengers Bangalore","Sunrisers Hyderabad",10,5
"MC Henriques",1-Feb-87,1,2,"Royal Challengers Bangalore","Sunrisers Hyderabad",10,6
"TM Head",29-Dec-93,1,2,"Royal Challengers Bangalore","Sunrisers Hyderabad",10,6
"KM Jadhav",26-Mar-85,1,2,"Royal Challengers Bangalore","Sunrisers Hyderabad",10,7
"MC Henriques",1-Feb-87,1,2,"Royal Challengers Bangalore","Sunrisers Hyderabad",10,7
"A Nehra",29-Apr-79,1,2,"Royal Challengers Bangalore","Sunrisers Hyderabad",11,1
"TM Head",29-Dec-93,1,2,"Royal Challengers Bangalore","Sunrisers Hyderabad",11,1
"A Nehra",29-Apr-79,1,2,"Royal Challengers Bangalore","Sunrisers Hyderabad",11,2
"KM Jadhav",26-Mar-85,1,2,"Royal Challengers Bangalore","Sunrisers Hyderabad",11,2
"A Nehra",29-Apr-79,1,2,"Royal Challengers Bangalore","Sunrisers Hyderabad",11,3
"KM Jadhav",26-Mar-85,1,2,"Royal Challengers Bangalore","Sunrisers Hyderabad",11,3
"A Nehra",29-Apr-79,1,2,"Royal Challengers Bangalore","Sunrisers Hyderabad",11,4
"TM Head",29-Dec-93,1,2,"Royal Challengers Bangalore","Sunrisers Hyderabad",11,4
"A Nehra",29-Apr-79,1,2,"Royal Challengers Bangalore","Sunrisers Hyderabad",11,5
"KM Jadhav",26-Mar-85,1,2,"Royal Challengers Bangalore","Sunrisers Hyderabad",11,5
"A Nehra",29-Apr-79,1,2,"Royal Challengers Bangalore","Sunrisers Hyderabad",11,6
"KM Jadhav",26-Mar-85,1,2,"Royal Challengers Bangalore","Sunrisers Hyderabad",11,6
"A Nehra",29-Apr-79,1,2,"Royal Challengers Bangalore","Sunrisers Hyderabad",11,7
"KM Jadhav",26-Mar-85,1,2,"Royal Challengers Bangalore","Sunrisers Hyderabad",11,7
"KM Jadhav",26-Mar-85,1,2,"Royal Challengers Bangalore","Sunrisers Hyderabad",12,1
"MC Henriques",1-Feb-87,1,2,"Royal Challengers Bangalore","Sunrisers Hyderabad",12,1
"MC Henriques",1-Feb-87,1,2,"Royal Challengers Bangalore","Sunrisers Hyderabad",12,2
"TM Head",29-Dec-93,1,2,"Royal Challengers Bangalore","Sunrisers Hyderabad",12,2
"MC Henriques",1-Feb-87,1,2,"Royal Challengers Bangalore","Sunrisers Hyderabad",12,3
"TM Head",29-Dec-93,1,2,"Royal Challengers Bangalore","Sunrisers Hyderabad",12,3
"KM Jadhav",26-Mar-85,1,2,"Royal Challengers Bangalore","Sunrisers Hyderabad",12,4
"MC Henriques",1-Feb-87,1,2,"Royal Challengers Bangalore","Sunrisers Hyderabad",12,4
"MC Henriques",1-Feb-87,1,2,"Royal Challengers Bangalore","Sunrisers Hyderabad",12,5
"SR Watson",17-Jun-81,1,2,"Royal Challengers Bangalore","Sunrisers Hyderabad",12,5
"MC Henriques",1-Feb-87,1,2,"Royal Challengers Bangalore","Sunrisers Hyderabad",12,6
"TM Head",29-Dec-93,1,2,"Royal Challengers Bangalore","Sunrisers Hyderabad",12,6
"Rashid Khan",,1,2,"Royal Challengers Bangalore","Sunrisers Hyderabad",13,1
"TM Head",29-Dec-93,1,2,"Royal Challengers Bangalore","Sunrisers Hyderabad",13,1
"Rashid Khan",,1,2,"Royal Challengers Bangalore","Sunrisers Hyderabad",13,2
"SR Watson",17-Jun-81,1,2,"Royal Challengers Bangalore","Sunrisers Hyderabad",13,2
"Rashid Khan",,1,2,"Royal Challengers Bangalore","Sunrisers Hyderabad",13,3
"SR Watson",17-Jun-81,1,2,"Royal Challengers Bangalore","Sunrisers Hyderabad",13,3
"Rashid Khan",,1,2,"Royal Challengers Bangalore","Sunrisers Hyderabad",13,4
"TM Head",29-Dec-93,1,2,"Royal Challengers Bangalore","Sunrisers Hyderabad",13,4
"Rashid Khan",,1,2,"Royal Challengers Bangalore","Sunrisers Hyderabad",13,5
"TM Head",29-Dec-93,1,2,"Royal Challengers Bangalore","Sunrisers Hyderabad",13,5
"Rashid Khan",,1,2,"Royal Challengers Bangalore","Sunrisers Hyderabad",13,6
"SR Watson",17-Jun-81,1,2,"Royal Challengers Bangalore","Sunrisers Hyderabad",13,6
"Bipul Sharma",28-Sep-83,1,2,"Royal Challengers Bangalore","Sunrisers Hyderabad",14,1
"Sachin Baby",18-Dec-88,1,2,"Royal Challengers Bangalore","Sunrisers Hyderabad",14,1
"Bipul Sharma",28-Sep-83,1,2,"Royal Challengers Bangalore","Sunrisers Hyderabad",14,2
"Sachin Baby",18-Dec-88,1,2,"Royal Challengers Bangalore","Sunrisers Hyderabad",14,2
"Bipul Sharma",28-Sep-83,1,2,"Royal Challengers Bangalore","Sunrisers Hyderabad",14,3
"SR Watson",17-Jun-81,1,2,"Royal Challengers Bangalore","Sunrisers Hyderabad",14,3
"Bipul Sharma",28-Sep-83,1,2,"Royal Challengers Bangalore","Sunrisers Hyderabad",14,4
"Sachin Baby",18-Dec-88,1,2,"Royal Challengers Bangalore","Sunrisers Hyderabad",14,4
"Bipul Sharma",28-Sep-83,1,2,"Royal Challengers Bangalore","Sunrisers Hyderabad",14,5
"SR Watson",17-Jun-81,1,2,"Royal Challengers Bangalore","Sunrisers Hyderabad",14,5
"Bipul Sharma",28-Sep-83,1,2,"Royal Challengers Bangalore","Sunrisers Hyderabad",14,6
"STR Binny",3-Jun-84,1,2,"Royal Challengers Bangalore","Sunrisers Hyderabad",14,6
"Rashid Khan",,1,2,"Royal Challengers Bangalore","Sunrisers Hyderabad",15,1
"STR Binny",3-Jun-84,1,2,"Royal Challengers Bangalore","Sunrisers Hyderabad",15,1
"Rashid Khan",,1,2,"Royal Challengers Bangalore","Sunrisers Hyderabad",15,2
"SR Watson",17-Jun-81,1,2,"Royal Challengers Bangalore","Sunrisers Hyderabad",15,2
"Rashid Khan",,1,2,"Royal Challengers Bangalore","Sunrisers Hyderabad",15,3
"STR Binny",3-Jun-84,1,2,"Royal Challengers Bangalore","Sunrisers Hyderabad",15,3
"Rashid Khan",,1,2,"Royal Challengers Bangalore","Sunrisers Hyderabad",15,4
"STR Binny",3-Jun-84,1,2,"Royal Challengers Bangalore","Sunrisers Hyderabad",15,4
"Rashid Khan",,1,2,"Royal Challengers Bangalore","Sunrisers Hyderabad",15,5
"STR Binny",3-Jun-84,1,2,"Royal Challengers Bangalore","Sunrisers Hyderabad",15,5
"Rashid Khan",,1,2,"Royal Challengers Bangalore","Sunrisers Hyderabad",15,6
"SR Watson",17-Jun-81,1,2,"Royal Challengers Bangalore","Sunrisers Hyderabad",15,6
"BCJ Cutting",30-Jan-87,1,2,"Royal Challengers Bangalore","Sunrisers Hyderabad",16,1
"STR Binny",3-Jun-84,1,2,"Royal Challengers Bangalore","Sunrisers Hyderabad",16,1
"BCJ Cutting",30-Jan-87,1,2,"Royal Challengers Bangalore","Sunrisers Hyderabad",16,2
"STR Binny",3-Jun-84,1,2,"Royal Challengers Bangalore","Sunrisers Hyderabad",16,2
"BCJ Cutting",30-Jan-87,1,2,"Royal Challengers Bangalore","Sunrisers Hyderabad",16,3
"STR Binny",3-Jun-84,1,2,"Royal Challengers Bangalore","Sunrisers Hyderabad",16,3
"BCJ Cutting",30-Jan-87,1,2,"Royal Challengers Bangalore","Sunrisers Hyderabad",16,4
"SR Watson",17-Jun-81,1,2,"Royal Challengers Bangalore","Sunrisers Hyderabad",16,4
"BCJ Cutting",30-Jan-87,1,2,"Royal Challengers Bangalore","Sunrisers Hyderabad",16,5
"SR Watson",17-Jun-81,1,2,"Royal Challengers Bangalore","Sunrisers Hyderabad",16,5
"BCJ Cutting",30-Jan-87,1,2,"Royal Challengers Bangalore","Sunrisers Hyderabad",16,6
"SR Watson",17-Jun-81,1,2,"Royal Challengers Bangalore","Sunrisers Hyderabad",16,6
"B Kumar",5-Feb-90,1,2,"Royal Challengers Bangalore","Sunrisers Hyderabad",17,1
"SR Watson",17-Jun-81,1,2,"Royal Challengers Bangalore","Sunrisers Hyderabad",17,1
"B Kumar",5-Feb-90,1,2,"Royal Challengers Bangalore","Sunrisers Hyderabad",17,2
"STR Binny",3-Jun-84,1,2,"Royal Challengers Bangalore","Sunrisers Hyderabad",17,2
"B Kumar",5-Feb-90,1,2,"Royal Challengers Bangalore","Sunrisers Hyderabad",17,3
"SR Watson",17-Jun-81,1,2,"Royal Challengers Bangalore","Sunrisers Hyderabad",17,3
"B Kumar",5-Feb-90,1,2,"Royal Challengers Bangalore","Sunrisers Hyderabad",17,4
"SR Watson",17-Jun-81,1,2,"Royal Challengers Bangalore","Sunrisers Hyderabad",17,4
"B Kumar",5-Feb-90,1,2,"Royal Challengers Bangalore","Sunrisers Hyderabad",17,5
"STR Binny",3-Jun-84,1,2,"Royal Challengers Bangalore","Sunrisers Hyderabad",17,5
"B Kumar",5-Feb-90,1,2,"Royal Challengers Bangalore","Sunrisers Hyderabad",17,6
"S Aravind",8-Apr-84,1,2,"Royal Challengers Bangalore","Sunrisers Hyderabad",17,6
"A Nehra",29-Apr-79,1,2,"Royal Challengers Bangalore","Sunrisers Hyderabad",18,1
"SR Watson",17-Jun-81,1,2,"Royal Challengers Bangalore","Sunrisers Hyderabad",18,1
"A Nehra",29-Apr-79,1,2,"Royal Challengers Bangalore","Sunrisers Hyderabad",18,2
"SR Watson",17-Jun-81,1,2,"Royal Challengers Bangalore","Sunrisers Hyderabad",18,2
"A Nehra",29-Apr-79,1,2,"Royal Challengers Bangalore","Sunrisers Hyderabad",18,3
"SR Watson",17-Jun-81,1,2,"Royal Challengers Bangalore","Sunrisers Hyderabad",18,3
"A Nehra",29-Apr-79,1,2,"Royal Challengers Bangalore","Sunrisers Hyderabad",18,4
"S Aravind",8-Apr-84,1,2,"Royal Challengers Bangalore","Sunrisers Hyderabad",18,4
"A Nehra",29-Apr-79,1,2,"Royal Challengers Bangalore","Sunrisers Hyderabad",18,5
"YS Chahal",23-Jul-90,1,2,"Royal Challengers Bangalore","Sunrisers Hyderabad",18,5
"A Nehra",29-Apr-79,1,2,"Royal Challengers Bangalore","Sunrisers Hyderabad",18,6
"YS Chahal",23-Jul-90,1,2,"Royal Challengers Bangalore","Sunrisers Hyderabad",18,6
"B Kumar",5-Feb-90,1,2,"Royal Challengers Bangalore","Sunrisers Hyderabad",19,1
"TS Mills",,1,2,"Royal Challengers Bangalore","Sunrisers Hyderabad",19,1
"B Kumar",5-Feb-90,1,2,"Royal Challengers Bangalore","Sunrisers Hyderabad",19,2
"YS Chahal",23-Jul-90,1,2,"Royal Challengers Bangalore","Sunrisers Hyderabad",19,2
"B Kumar",5-Feb-90,1,2,"Royal Challengers Bangalore","Sunrisers Hyderabad",19,3
"YS Chahal",23-Jul-90,1,2,"Royal Challengers Bangalore","Sunrisers Hyderabad",19,3
"B Kumar",5-Feb-90,1,2,"Royal Challengers Bangalore","Sunrisers Hyderabad",19,4
"TS Mills",,1,2,"Royal Challengers Bangalore","Sunrisers Hyderabad",19,4
"B Kumar",5-Feb-90,1,2,"Royal Challengers Bangalore","Sunrisers Hyderabad",19,5
"TS Mills",,1,2,"Royal Challengers Bangalore","Sunrisers Hyderabad",19,5
"B Kumar",5-Feb-90,1,2,"Royal Challengers Bangalore","Sunrisers Hyderabad",19,6
"YS Chahal",23-Jul-90,1,2,"Royal Challengers Bangalore","Sunrisers Hyderabad",19,6
"BCJ Cutting",30-Jan-87,1,2,"Royal Challengers Bangalore","Sunrisers Hyderabad",20,1
"YS Chahal",23-Jul-90,1,2,"Royal Challengers Bangalore","Sunrisers Hyderabad",20,1
"BCJ Cutting",30-Jan-87,1,2,"Royal Challengers Bangalore","Sunrisers Hyderabad",20,2
"YS Chahal",23-Jul-90,1,2,"Royal Challengers Bangalore","Sunrisers Hyderabad",20,2
"A Choudhary",,1,2,"Royal Challengers Bangalore","Sunrisers Hyderabad",20,3
"BCJ Cutting",30-Jan-87,1,2,"Royal Challengers Bangalore","Sunrisers Hyderabad",20,3
"A Choudhary",,1,2,"Royal Challengers Bangalore","Sunrisers Hyderabad",20,4
"BCJ Cutting",30-Jan-87,1,2,"Royal Challengers Bangalore","Sunrisers Hyderabad",20,4
"AB Dinda",25-Mar-84,2,1,"Mumbai Indians","Rising Pune Supergiant",1,1
"PA Patel",9-Mar-85,2,1,"Mumbai Indians","Rising Pune Supergiant",1,1
"AB Dinda",25-Mar-84,2,1,"Mumbai Indians","Rising Pune Supergiant",1,2
"PA Patel",9-Mar-85,2,1,"Mumbai Indians","Rising Pune Supergiant",1,2
"AB Dinda",25-Mar-84,2,1,"Mumbai Indians","Rising Pune Supergiant",1,3
"PA Patel",9-Mar-85,2,1,"Mumbai Indians","Rising Pune Supergiant",1,3
"AB Dinda",25-Mar-84,2,1,"Mumbai Indians","Rising Pune Supergiant",1,4
"JC Buttler",8-Sep-90,2,1,"Mumbai Indians","Rising Pune Supergiant",1,4
"AB Dinda",25-Mar-84,2,1,"Mumbai Indians","Rising Pune Supergiant",1,5
"PA Patel",9-Mar-85,2,1,"Mumbai Indians","Rising Pune Supergiant",1,5
"AB Dinda",25-Mar-84,2,1,"Mumbai Indians","Rising Pune Supergiant",1,6
"PA Patel",9-Mar-85,2,1,"Mumbai Indians","Rising Pune Supergiant",1,6
"AB Dinda",25-Mar-84,2,1,"Mumbai Indians","Rising Pune Supergiant",1,7
"PA Patel",9-Mar-85,2,1,"Mumbai Indians","Rising Pune Supergiant",1,7
"DL Chahar",7-Aug-92,2,1,"Mumbai Indians","Rising Pune Supergiant",2,1
"JC Buttler",8-Sep-90,2,1,"Mumbai Indians","Rising Pune Supergiant",2,1
"DL Chahar",7-Aug-92,2,1,"Mumbai Indians","Rising Pune Supergiant",2,2
"JC Buttler",8-Sep-90,2,1,"Mumbai Indians","Rising Pune Supergiant",2,2
"DL Chahar",7-Aug-92,2,1,"Mumbai Indians","Rising Pune Supergiant",2,3
"JC Buttler",8-Sep-90,2,1,"Mumbai Indians","Rising Pune Supergiant",2,3
"DL Chahar",7-Aug-92,2,1,"Mumbai Indians","Rising Pune Supergiant",2,4
"JC Buttler",8-Sep-90,2,1,"Mumbai Indians","Rising Pune Supergiant",2,4
"DL Chahar",7-Aug-92,2,1,"Mumbai Indians","Rising Pune Supergiant",2,5
"JC Buttler",8-Sep-90,2,1,"Mumbai Indians","Rising Pune Supergiant",2,5
"DL Chahar",7-Aug-92,2,1,"Mumbai Indians","Rising Pune Supergiant",2,6
"JC Buttler",8-Sep-90,2,1,"Mumbai Indians","Rising Pune Supergiant",2,6
"AB Dinda",25-Mar-84,2,1,"Mumbai Indians","Rising Pune Supergiant",3,1
"PA Patel",9-Mar-85,2,1,"Mumbai Indians","Rising Pune Supergiant",3,1
"AB Dinda",25-Mar-84,2,1,"Mumbai Indians","Rising Pune Supergiant",3,2
"PA Patel",9-Mar-85,2,1,"Mumbai Indians","Rising Pune Supergiant",3,2
"AB Dinda",25-Mar-84,2,1,"Mumbai Indians","Rising Pune Supergiant",3,3
"PA Patel",9-Mar-85,2,1,"Mumbai Indians","Rising Pune Supergiant",3,3
"AB Dinda",25-Mar-84,2,1,"Mumbai Indians","Rising Pune Supergiant",3,4
"PA Patel",9-Mar-85,2,1,"Mumbai Indians","Rising Pune Supergiant",3,4
"AB Dinda",25-Mar-84,2,1,"Mumbai Indians","Rising Pune Supergiant",3,5
"PA Patel",9-Mar-85,2,1,"Mumbai Indians","Rising Pune Supergiant",3,5
"AB Dinda",25-Mar-84,2,1,"Mumbai Indians","Rising Pune Supergiant",3,6
"PA Patel",9-Mar-85,2,1,"Mumbai Indians","Rising Pune Supergiant",3,6
"BA Stokes",,2,1,"Mumbai Indians","Rising Pune Supergiant",4,1
"PA Patel",9-Mar-85,2,1,"Mumbai Indians","Rising Pune Supergiant",4,1
"BA Stokes",,2,1,"Mumbai Indians","Rising Pune Supergiant",4,2
"JC Buttler",8-Sep-90,2,1,"Mumbai Indians","Rising Pune Supergiant",4,2
"BA Stokes",,2,1,"Mumbai Indians","Rising Pune Supergiant",4,3
"JC Buttler",8-Sep-90,2,1,"Mumbai Indians","Rising Pune Supergiant",4,3
"BA Stokes",,2,1,"Mumbai Indians","Rising Pune Supergiant",4,4
"JC Buttler",8-Sep-90,2,1,"Mumbai Indians","Rising Pune Supergiant",4,4
"BA Stokes",,2,1,"Mumbai Indians","Rising Pune Supergiant",4,5
"JC Buttler",8-Sep-90,2,1,"Mumbai Indians","Rising Pune Supergiant",4,5
"BA Stokes",,2,1,"Mumbai Indians","Rising Pune Supergiant",4,6
"JC Buttler",8-Sep-90,2,1,"Mumbai Indians","Rising Pune Supergiant",4,6
"Imran Tahir",27-Mar-79,2,1,"Mumbai Indians","Rising Pune Supergiant",5,1
"PA Patel",9-Mar-85,2,1,"Mumbai Indians","Rising Pune Supergiant",5,1
"Imran Tahir",27-Mar-79,2,1,"Mumbai Indians","Rising Pune Supergiant",5,2
"PA Patel",9-Mar-85,2,1,"Mumbai Indians","Rising Pune Supergiant",5,2
"Imran Tahir",27-Mar-79,2,1,"Mumbai Indians","Rising Pune Supergiant",5,3
"RG Sharma",30-Apr-87,2,1,"Mumbai Indians","Rising Pune Supergiant",5,3
"Imran Tahir",27-Mar-79,2,1,"Mumbai Indians","Rising Pune Supergiant",5,4
"RG Sharma",30-Apr-87,2,1,"Mumbai Indians","Rising Pune Supergiant",5,4
"Imran Tahir",27-Mar-79,2,1,"Mumbai Indians","Rising Pune Supergiant",5,5
"JC Buttler",8-Sep-90,2,1,"Mumbai Indians","Rising Pune Supergiant",5,5
"Imran Tahir",27-Mar-79,2,1,"Mumbai Indians","Rising Pune Supergiant",5,6
"RG Sharma",30-Apr-87,2,1,"Mumbai Indians","Rising Pune Supergiant",5,6
"DL Chahar",7-Aug-92,2,1,"Mumbai Indians","Rising Pune Supergiant",6,1
"RG Sharma",30-Apr-87,2,1,"Mumbai Indians","Rising Pune Supergiant",6,1
"DL Chahar",7-Aug-92,2,1,"Mumbai Indians","Rising Pune Supergiant",6,2
"JC Buttler",8-Sep-90,2,1,"Mumbai Indians","Rising Pune Supergiant",6,2
"DL Chahar",7-Aug-92,2,1,"Mumbai Indians","Rising Pune Supergiant",6,3
"JC Buttler",8-Sep-90,2,1,"Mumbai Indians","Rising Pune Supergiant",6,3
"DL Chahar",7-Aug-92,2,1,"Mumbai Indians","Rising Pune Supergiant",6,4
"JC Buttler",8-Sep-90,2,1,"Mumbai Indians","Rising Pune Supergiant",6,4
"DL Chahar",7-Aug-92,2,1,"Mumbai Indians","Rising Pune Supergiant",6,5
"JC Buttler",8-Sep-90,2,1,"Mumbai Indians","Rising Pune Supergiant",6,5
"DL Chahar",7-Aug-92,2,1,"Mumbai Indians","Rising Pune Supergiant",6,6
"JC Buttler",8-Sep-90,2,1,"Mumbai Indians","Rising Pune Supergiant",6,6
"Imran Tahir",27-Mar-79,2,1,"Mumbai Indians","Rising Pune Supergiant",7,1
"RG Sharma",30-Apr-87,2,1,"Mumbai Indians","Rising Pune Supergiant",7,1
"Imran Tahir",27-Mar-79,2,1,"Mumbai Indians","Rising Pune Supergiant",7,2
"RG Sharma",30-Apr-87,2,1,"Mumbai Indians","Rising Pune Supergiant",7,2
"Imran Tahir",27-Mar-79,2,1,"Mumbai Indians","Rising Pune Supergiant",7,3
"RG Sharma",30-Apr-87,2,1,"Mumbai Indians","Rising Pune Supergiant",7,3
"Imran Tahir",27-Mar-79,2,1,"Mumbai Indians","Rising Pune Supergiant",7,4
"N Rana",27-Dec-93,2,1,"Mumbai Indians","Rising Pune Supergiant",7,4
"Imran Tahir",27-Mar-79,2,1,"Mumbai Indians","Rising Pune Supergiant",7,5
"JC Buttler",8-Sep-90,2,1,"Mumbai Indians","Rising Pune Supergiant",7,5
"AT Rayudu",23-Sep-85,2,1,"Mumbai Indians","Rising Pune Supergiant",7,6
"Imran Tahir",27-Mar-79,2,1,"Mumbai Indians","Rising Pune Supergiant",7,6
"AT Rayudu",23-Sep-85,2,1,"Mumbai Indians","Rising Pune Supergiant",8,1
"BA Stokes",,2,1,"Mumbai Indians","Rising Pune Supergiant",8,1
"BA Stokes",,2,1,"Mumbai Indians","Rising Pune Supergiant",8,2
"N Rana",27-Dec-93,2,1,"Mumbai Indians","Rising Pune Supergiant",8,2
"AT Rayudu",23-Sep-85,2,1,"Mumbai Indians","Rising Pune Supergiant",8,3
"BA Stokes",,2,1,"Mumbai Indians","Rising Pune Supergiant",8,3
"AT Rayudu",23-Sep-85,2,1,"Mumbai Indians","Rising Pune Supergiant",8,4
"BA Stokes",,2,1,"Mumbai Indians","Rising Pune Supergiant",8,4
"BA Stokes",,2,1,"Mumbai Indians","Rising Pune Supergiant",8,5
"N Rana",27-Dec-93,2,1,"Mumbai Indians","Rising Pune Supergiant",8,5
"BA Stokes",,2,1,"Mumbai Indians","Rising Pune Supergiant",8,6
"N Rana",27-Dec-93,2,1,"Mumbai Indians","Rising Pune Supergiant",8,6
"A Zampa",31-Mar-92,2,1,"Mumbai Indians","Rising Pune Supergiant",9,1
"AT Rayudu",23-Sep-85,2,1,"Mumbai Indians","Rising Pune Supergiant",9,1
"A Zampa",31-Mar-92,2,1,"Mumbai Indians","Rising Pune Supergiant",9,2
"N Rana",27-Dec-93,2,1,"Mumbai Indians","Rising Pune Supergiant",9,2
"A Zampa",31-Mar-92,2,1,"Mumbai Indians","Rising Pune Supergiant",9,3
"N Rana",27-Dec-93,2,1,"Mumbai Indians","Rising Pune Supergiant",9,3
"A Zampa",31-Mar-92,2,1,"Mumbai Indians","Rising Pune Supergiant",9,4
"N Rana",27-Dec-93,2,1,"Mumbai Indians","Rising Pune Supergiant",9,4
"A Zampa",31-Mar-92,2,1,"Mumbai Indians","Rising Pune Supergiant",9,5
"AT Rayudu",23-Sep-85,2,1,"Mumbai Indians","Rising Pune Supergiant",9,5
"A Zampa",31-Mar-92,2,1,"Mumbai Indians","Rising Pune Supergiant",9,6
"N Rana",27-Dec-93,2,1,"Mumbai Indians","Rising Pune Supergiant",9,6
"N Rana",27-Dec-93,2,1,"Mumbai Indians","Rising Pune Supergiant",10,1
"R Bhatia",22-Oct-79,2,1,"Mumbai Indians","Rising Pune Supergiant",10,1
"AT Rayudu",23-Sep-85,2,1,"Mumbai Indians","Rising Pune Supergiant",10,2
"R Bhatia",22-Oct-79,2,1,"Mumbai Indians","Rising Pune Supergiant",10,2
"N Rana",27-Dec-93,2,1,"Mumbai Indians","Rising Pune Supergiant",10,3
"R Bhatia",22-Oct-79,2,1,"Mumbai Indians","Rising Pune Supergiant",10,3
"N Rana",27-Dec-93,2,1,"Mumbai Indians","Rising Pune Supergiant",10,4
"R Bhatia",22-Oct-79,2,1,"Mumbai Indians","Rising Pune Supergiant",10,4
"AT Rayudu",23-Sep-85,2,1,"Mumbai Indians","Rising Pune Supergiant",10,5
"R Bhatia",22-Oct-79,2,1,"Mumbai Indians","Rising Pune Supergiant",10,5
"AT Rayudu",23-Sep-85,2,1,"Mumbai Indians","Rising Pune Supergiant",10,6
"R Bhatia",22-Oct-79,2,1,"Mumbai Indians","Rising Pune Supergiant",10,6
"A Zampa",31-Mar-92,2,1,"Mumbai Indians","Rising Pune Supergiant",11,1
"AT Rayudu",23-Sep-85,2,1,"Mumbai Indians","Rising Pune Supergiant",11,1
"A Zampa",31-Mar-92,2,1,"Mumbai Indians","Rising Pune Supergiant",11,2
"N Rana",27-Dec-93,2,1,"Mumbai Indians","Rising Pune Supergiant",11,2
"A Zampa",31-Mar-92,2,1,"Mumbai Indians","Rising Pune Supergiant",11,3
"AT Rayudu",23-Sep-85,2,1,"Mumbai Indians","Rising Pune Supergiant",11,3
"A Zampa",31-Mar-92,2,1,"Mumbai Indians","Rising Pune Supergiant",11,4
"N Rana",27-Dec-93,2,1,"Mumbai Indians","Rising Pune Supergiant",11,4
"A Zampa",31-Mar-92,2,1,"Mumbai Indians","Rising Pune Supergiant",11,5
"N Rana",27-Dec-93,2,1,"Mumbai Indians","Rising Pune Supergiant",11,5
"A Zampa",31-Mar-92,2,1,"Mumbai Indians","Rising Pune Supergiant",11,6
"N Rana",27-Dec-93,2,1,"Mumbai Indians","Rising Pune Supergiant",11,6
"A Zampa",31-Mar-92,2,1,"Mumbai Indians","Rising Pune Supergiant",11,7
"N Rana",27-Dec-93,2,1,"Mumbai Indians","Rising Pune Supergiant",11,7
"AT Rayudu",23-Sep-85,2,1,"Mumbai Indians","Rising Pune Supergiant",12,1
"R Bhatia",22-Oct-79,2,1,"Mumbai Indians","Rising Pune Supergiant",12,1
"KH Pandya",24-Mar-91,2,1,"Mumbai Indians","Rising Pune Supergiant",12,2
"R Bhatia",22-Oct-79,2,1,"Mumbai Indians","Rising Pune Supergiant",12,2
"N Rana",27-Dec-93,2,1,"Mumbai Indians","Rising Pune Supergiant",12,3
"R Bhatia",22-Oct-79,2,1,"Mumbai Indians","Rising Pune Supergiant",12,3
"KH Pandya",24-Mar-91,2,1,"Mumbai Indians","Rising Pune Supergiant",12,4
"R Bhatia",22-Oct-79,2,1,"Mumbai Indians","Rising Pune Supergiant",12,4
"N Rana",27-Dec-93,2,1,"Mumbai Indians","Rising Pune Supergiant",12,5
"R Bhatia",22-Oct-79,2,1,"Mumbai Indians","Rising Pune Supergiant",12,5
"N Rana",27-Dec-93,2,1,"Mumbai Indians","Rising Pune Supergiant",12,6
"R Bhatia",22-Oct-79,2,1,"Mumbai Indians","Rising Pune Supergiant",12,6
"BA Stokes",,2,1,"Mumbai Indians","Rising Pune Supergiant",13,1
"KH Pandya",24-Mar-91,2,1,"Mumbai Indians","Rising Pune Supergiant",13,1
"BA Stokes",,2,1,"Mumbai Indians","Rising Pune Supergiant",13,2
"N Rana",27-Dec-93,2,1,"Mumbai Indians","Rising Pune Supergiant",13,2
"BA Stokes",,2,1,"Mumbai Indians","Rising Pune Supergiant",13,3
"N Rana",27-Dec-93,2,1,"Mumbai Indians","Rising Pune Supergiant",13,3
"BA Stokes",,2,1,"Mumbai Indians","Rising Pune Supergiant",13,4
"KH Pandya",24-Mar-91,2,1,"Mumbai Indians","Rising Pune Supergiant",13,4
"BA Stokes",,2,1,"Mumbai Indians","Rising Pune Supergiant",13,5
"N Rana",27-Dec-93,2,1,"Mumbai Indians","Rising Pune Supergiant",13,5
"BA Stokes",,2,1,"Mumbai Indians","Rising Pune Supergiant",13,6
"N Rana",27-Dec-93,2,1,"Mumbai Indians","Rising Pune Supergiant",13,6
"BA Stokes",,2,1,"Mumbai Indians","Rising Pune Supergiant",13,7
"KH Pandya",24-Mar-91,2,1,"Mumbai Indians","Rising Pune Supergiant",13,7
"N Rana",27-Dec-93,2,1,"Mumbai Indians","Rising Pune Supergiant",14,1
"R Bhatia",22-Oct-79,2,1,"Mumbai Indians","Rising Pune Supergiant",14,1
"KH Pandya",24-Mar-91,2,1,"Mumbai Indians","Rising Pune Supergiant",14,2
"R Bhatia",22-Oct-79,2,1,"Mumbai Indians","Rising Pune Supergiant",14,2
"N Rana",27-Dec-93,2,1,"Mumbai Indians","Rising Pune Supergiant",14,3
"R Bhatia",22-Oct-79,2,1,"Mumbai Indians","Rising Pune Supergiant",14,3
"KA Pollard",12-May-87,2,1,"Mumbai Indians","Rising Pune Supergiant",14,4
"R Bhatia",22-Oct-79,2,1,"Mumbai Indians","Rising Pune Supergiant",14,4
"N Rana",27-Dec-93,2,1,"Mumbai Indians","Rising Pune Supergiant",14,5
"R Bhatia",22-Oct-79,2,1,"Mumbai Indians","Rising Pune Supergiant",14,5
"KA Pollard",12-May-87,2,1,"Mumbai Indians","Rising Pune Supergiant",14,6
"R Bhatia",22-Oct-79,2,1,"Mumbai Indians","Rising Pune Supergiant",14,6
"Imran Tahir",27-Mar-79,2,1,"Mumbai Indians","Rising Pune Supergiant",15,1
"KA Pollard",12-May-87,2,1,"Mumbai Indians","Rising Pune Supergiant",15,1
"Imran Tahir",27-Mar-79,2,1,"Mumbai Indians","Rising Pune Supergiant",15,2
"KA Pollard",12-May-87,2,1,"Mumbai Indians","Rising Pune Supergiant",15,2
"Imran Tahir",27-Mar-79,2,1,"Mumbai Indians","Rising Pune Supergiant",15,3
"KA Pollard",12-May-87,2,1,"Mumbai Indians","Rising Pune Supergiant",15,3
"Imran Tahir",27-Mar-79,2,1,"Mumbai Indians","Rising Pune Supergiant",15,4
"N Rana",27-Dec-93,2,1,"Mumbai Indians","Rising Pune Supergiant",15,4
"Imran Tahir",27-Mar-79,2,1,"Mumbai Indians","Rising Pune Supergiant",15,5
"N Rana",27-Dec-93,2,1,"Mumbai Indians","Rising Pune Supergiant",15,5
"Imran Tahir",27-Mar-79,2,1,"Mumbai Indians","Rising Pune Supergiant",15,6
"KA Pollard",12-May-87,2,1,"Mumbai Indians","Rising Pune Supergiant",15,6
"A Zampa",31-Mar-92,2,1,"Mumbai Indians","Rising Pune Supergiant",16,1
"KA Pollard",12-May-87,2,1,"Mumbai Indians","Rising Pune Supergiant",16,1
"A Zampa",31-Mar-92,2,1,"Mumbai Indians","Rising Pune Supergiant",16,2
"KA Pollard",12-May-87,2,1,"Mumbai Indians","Rising Pune Supergiant",16,2
"A Zampa",31-Mar-92,2,1,"Mumbai Indians","Rising Pune Supergiant",16,3
"N Rana",27-Dec-93,2,1,"Mumbai Indians","Rising Pune Supergiant",16,3
"A Zampa",31-Mar-92,2,1,"Mumbai Indians","Rising Pune Supergiant",16,4
"HH Pandya",11-Oct-93,2,1,"Mumbai Indians","Rising Pune Supergiant",16,4
"A Zampa",31-Mar-92,2,1,"Mumbai Indians","Rising Pune Supergiant",16,5
"HH Pandya",11-Oct-93,2,1,"Mumbai Indians","Rising Pune Supergiant",16,5
"A Zampa",31-Mar-92,2,1,"Mumbai Indians","Rising Pune Supergiant",16,6
"KA Pollard",12-May-87,2,1,"Mumbai Indians","Rising Pune Supergiant",16,6
"Imran Tahir",27-Mar-79,2,1,"Mumbai Indians","Rising Pune Supergiant",17,1
"KA Pollard",12-May-87,2,1,"Mumbai Indians","Rising Pune Supergiant",17,1
"HH Pandya",11-Oct-93,2,1,"Mumbai Indians","Rising Pune Supergiant",17,2
"Imran Tahir",27-Mar-79,2,1,"Mumbai Indians","Rising Pune Supergiant",17,2
"Imran Tahir",27-Mar-79,2,1,"Mumbai Indians","Rising Pune Supergiant",17,3
"KA Pollard",12-May-87,2,1,"Mumbai Indians","Rising Pune Supergiant",17,3
"HH Pandya",11-Oct-93,2,1,"Mumbai Indians","Rising Pune Supergiant",17,4
"Imran Tahir",27-Mar-79,2,1,"Mumbai Indians","Rising Pune Supergiant",17,4
"Imran Tahir",27-Mar-79,2,1,"Mumbai Indians","Rising Pune Supergiant",17,5
"KA Pollard",12-May-87,2,1,"Mumbai Indians","Rising Pune Supergiant",17,5
"Imran Tahir",27-Mar-79,2,1,"Mumbai Indians","Rising Pune Supergiant",17,6
"KA Pollard",12-May-87,2,1,"Mumbai Indians","Rising Pune Supergiant",17,6
"AB Dinda",25-Mar-84,2,1,"Mumbai Indians","Rising Pune Supergiant",18,1
"HH Pandya",11-Oct-93,2,1,"Mumbai Indians","Rising Pune Supergiant",18,1
"AB Dinda",25-Mar-84,2,1,"Mumbai Indians","Rising Pune Supergiant",18,2
"HH Pandya",11-Oct-93,2,1,"Mumbai Indians","Rising Pune Supergiant",18,2
"AB Dinda",25-Mar-84,2,1,"Mumbai Indians","Rising Pune Supergiant",18,3
"KA Pollard",12-May-87,2,1,"Mumbai Indians","Rising Pune Supergiant",18,3
"AB Dinda",25-Mar-84,2,1,"Mumbai Indians","Rising Pune Supergiant",18,4
"KA Pollard",12-May-87,2,1,"Mumbai Indians","Rising Pune Supergiant",18,4
"AB Dinda",25-Mar-84,2,1,"Mumbai Indians","Rising Pune Supergiant",18,5
"HH Pandya",11-Oct-93,2,1,"Mumbai Indians","Rising Pune Supergiant",18,5
"AB Dinda",25-Mar-84,2,1,"Mumbai Indians","Rising Pune Supergiant",18,6
"HH Pandya",11-Oct-93,2,1,"Mumbai Indians","Rising Pune Supergiant",18,6
"AB Dinda",25-Mar-84,2,1,"Mumbai Indians","Rising Pune Supergiant",18,7
"KA Pollard",12-May-87,2,1,"Mumbai Indians","Rising Pune Supergiant",18,7
"BA Stokes",,2,1,"Mumbai Indians","Rising Pune Supergiant",19,1
"HH Pandya",11-Oct-93,2,1,"Mumbai Indians","Rising Pune Supergiant",19,1
"BA Stokes",,2,1,"Mumbai Indians","Rising Pune Supergiant",19,2
"KA Pollard",12-May-87,2,1,"Mumbai Indians","Rising Pune Supergiant",19,2
"BA Stokes",,2,1,"Mumbai Indians","Rising Pune Supergiant",19,3
"TG Southee",11-Dec-88,2,1,"Mumbai Indians","Rising Pune Supergiant",19,3
"BA Stokes",,2,1,"Mumbai Indians","Rising Pune Supergiant",19,4
"HH Pandya",11-Oct-93,2,1,"Mumbai Indians","Rising Pune Supergiant",19,4
"BA Stokes",,2,1,"Mumbai Indians","Rising Pune Supergiant",19,5
"TG Southee",11-Dec-88,2,1,"Mumbai Indians","Rising Pune Supergiant",19,5
"BA Stokes",,2,1,"Mumbai Indians","Rising Pune Supergiant",19,6
"TG Southee",11-Dec-88,2,1,"Mumbai Indians","Rising Pune Supergiant",19,6
"AB Dinda",25-Mar-84,2,1,"Mumbai Indians","Rising Pune Supergiant",20,1
"HH Pandya",11-Oct-93,2,1,"Mumbai Indians","Rising Pune Supergiant",20,1
"AB Dinda",25-Mar-84,2,1,"Mumbai Indians","Rising Pune Supergiant",20,2
"HH Pandya",11-Oct-93,2,1,"Mumbai Indians","Rising Pune Supergiant",20,2
"AB Dinda",25-Mar-84,2,1,"Mumbai Indians","Rising Pune Supergiant",20,3
"HH Pandya",11-Oct-93,2,1,"Mumbai Indians","Rising Pune Supergiant",20,3
"AB Dinda",25-Mar-84,2,1,"Mumbai Indians","Rising Pune Supergiant",20,4
"HH Pandya",11-Oct-93,2,1,"Mumbai Indians","Rising Pune Supergiant",20,4
"AB Dinda",25-Mar-84,2,1,"Mumbai Indians","Rising Pune Supergiant",20,5
"HH Pandya",11-Oct-93,2,1,"Mumbai Indians","Rising Pune Supergiant",20,5
"AB Dinda",25-Mar-84,2,1,"Mumbai Indians","Rising Pune Supergiant",20,6
"HH Pandya",11-Oct-93,2,1,"Mumbai Indians","Rising Pune Supergiant",20,6
"AB Dinda",25-Mar-84,2,1,"Mumbai Indians","Rising Pune Supergiant",20,7
"HH Pandya",11-Oct-93,2,1,"Mumbai Indians","Rising Pune Supergiant",20,7
"AM Rahane",6-Jun-88,2,2,"Rising Pune Supergiant","Mumbai Indians",1,1
"TG Southee",11-Dec-88,2,2,"Rising Pune Supergiant","Mumbai Indians",1,1
"MA Agarwal",16-Feb-91,2,2,"Rising Pune Supergiant","Mumbai Indians",1,2
"TG Southee",11-Dec-88,2,2,"Rising Pune Supergiant","Mumbai Indians",1,2
"MA Agarwal",16-Feb-91,2,2,"Rising Pune Supergiant","Mumbai Indians",1,3
"TG Southee",11-Dec-88,2,2,"Rising Pune Supergiant","Mumbai Indians",1,3
"MA Agarwal",16-Feb-91,2,2,"Rising Pune Supergiant","Mumbai Indians",1,4
"TG Southee",11-Dec-88,2,2,"Rising Pune Supergiant","Mumbai Indians",1,4
"AM Rahane",6-Jun-88,2,2,"Rising Pune Supergiant","Mumbai Indians",1,5
"TG Southee",11-Dec-88,2,2,"Rising Pune Supergiant","Mumbai Indians",1,5
"AM Rahane",6-Jun-88,2,2,"Rising Pune Supergiant","Mumbai Indians",1,6
"TG Southee",11-Dec-88,2,2,"Rising Pune Supergiant","Mumbai Indians",1,6
"AM Rahane",6-Jun-88,2,2,"Rising Pune Supergiant","Mumbai Indians",1,7
"TG Southee",11-Dec-88,2,2,"Rising Pune Supergiant","Mumbai Indians",1,7
"AM Rahane",6-Jun-88,2,2,"Rising Pune Supergiant","Mumbai Indians",2,1
"HH Pandya",11-Oct-93,2,2,"Rising Pune Supergiant","Mumbai Indians",2,1
"AM Rahane",6-Jun-88,2,2,"Rising Pune Supergiant","Mumbai Indians",2,2
"HH Pandya",11-Oct-93,2,2,"Rising Pune Supergiant","Mumbai Indians",2,2
"AM Rahane",6-Jun-88,2,2,"Rising Pune Supergiant","Mumbai Indians",2,3
"HH Pandya",11-Oct-93,2,2,"Rising Pune Supergiant","Mumbai Indians",2,3
"HH Pandya",11-Oct-93,2,2,"Rising Pune Supergiant","Mumbai Indians",2,4
"MA Agarwal",16-Feb-91,2,2,"Rising Pune Supergiant","Mumbai Indians",2,4
"AM Rahane",6-Jun-88,2,2,"Rising Pune Supergiant","Mumbai Indians",2,5
"HH Pandya",11-Oct-93,2,2,"Rising Pune Supergiant","Mumbai Indians",2,5
"AM Rahane",6-Jun-88,2,2,"Rising Pune Supergiant","Mumbai Indians",2,6
"HH Pandya",11-Oct-93,2,2,"Rising Pune Supergiant","Mumbai Indians",2,6
"AM Rahane",6-Jun-88,2,2,"Rising Pune Supergiant","Mumbai Indians",3,1
"TG Southee",11-Dec-88,2,2,"Rising Pune Supergiant","Mumbai Indians",3,1
"AM Rahane",6-Jun-88,2,2,"Rising Pune Supergiant","Mumbai Indians",3,2
"TG Southee",11-Dec-88,2,2,"Rising Pune Supergiant","Mumbai Indians",3,2
"AM Rahane",6-Jun-88,2,2,"Rising Pune Supergiant","Mumbai Indians",3,3
"TG Southee",11-Dec-88,2,2,"Rising Pune Supergiant","Mumbai Indians",3,3
"AM Rahane",6-Jun-88,2,2,"Rising Pune Supergiant","Mumbai Indians",3,4
"TG Southee",11-Dec-88,2,2,"Rising Pune Supergiant","Mumbai Indians",3,4
"AM Rahane",6-Jun-88,2,2,"Rising Pune Supergiant","Mumbai Indians",3,5
"TG Southee",11-Dec-88,2,2,"Rising Pune Supergiant","Mumbai Indians",3,5
"MA Agarwal",16-Feb-91,2,2,"Rising Pune Supergiant","Mumbai Indians",3,6
"TG Southee",11-Dec-88,2,2,"Rising Pune Supergiant","Mumbai Indians",3,6
"MA Agarwal",16-Feb-91,2,2,"Rising Pune Supergiant","Mumbai Indians",4,1
"MJ McClenaghan",11-Jun-86,2,2,"Rising Pune Supergiant","Mumbai Indians",4,1
"MJ McClenaghan",11-Jun-86,2,2,"Rising Pune Supergiant","Mumbai Indians",4,2
"SPD Smith",2-Jun-89,2,2,"Rising Pune Supergiant","Mumbai Indians",4,2
"MJ McClenaghan",11-Jun-86,2,2,"Rising Pune Supergiant","Mumbai Indians",4,3
"SPD Smith",2-Jun-89,2,2,"Rising Pune Supergiant","Mumbai Indians",4,3
"AM Rahane",6-Jun-88,2,2,"Rising Pune Supergiant","Mumbai Indians",4,4
"MJ McClenaghan",11-Jun-86,2,2,"Rising Pune Supergiant","Mumbai Indians",4,4
"MJ McClenaghan",11-Jun-86,2,2,"Rising Pune Supergiant","Mumbai Indians",4,5
"SPD Smith",2-Jun-89,2,2,"Rising Pune Supergiant","Mumbai Indians",4,5
"MJ McClenaghan",11-Jun-86,2,2,"Rising Pune Supergiant","Mumbai Indians",4,6
"SPD Smith",2-Jun-89,2,2,"Rising Pune Supergiant","Mumbai Indians",4,6
"AM Rahane",6-Jun-88,2,2,"Rising Pune Supergiant","Mumbai Indians",5,1
"JJ Bumrah",6-Dec-93,2,2,"Rising Pune Supergiant","Mumbai Indians",5,1
"JJ Bumrah",6-Dec-93,2,2,"Rising Pune Supergiant","Mumbai Indians",5,2
"SPD Smith",2-Jun-89,2,2,"Rising Pune Supergiant","Mumbai Indians",5,2
"AM Rahane",6-Jun-88,2,2,"Rising Pune Supergiant","Mumbai Indians",5,3
"JJ Bumrah",6-Dec-93,2,2,"Rising Pune Supergiant","Mumbai Indians",5,3
"AM Rahane",6-Jun-88,2,2,"Rising Pune Supergiant","Mumbai Indians",5,4
"JJ Bumrah",6-Dec-93,2,2,"Rising Pune Supergiant","Mumbai Indians",5,4
"JJ Bumrah",6-Dec-93,2,2,"Rising Pune Supergiant","Mumbai Indians",5,5
"SPD Smith",2-Jun-89,2,2,"Rising Pune Supergiant","Mumbai Indians",5,5
"JJ Bumrah",6-Dec-93,2,2,"Rising Pune Supergiant","Mumbai Indians",5,6
"SPD Smith",2-Jun-89,2,2,"Rising Pune Supergiant","Mumbai Indians",5,6
"MJ McClenaghan",11-Jun-86,2,2,"Rising Pune Supergiant","Mumbai Indians",6,1
"SPD Smith",2-Jun-89,2,2,"Rising Pune Supergiant","Mumbai Indians",6,1
"MJ McClenaghan",11-Jun-86,2,2,"Rising Pune Supergiant","Mumbai Indians",6,2
"SPD Smith",2-Jun-89,2,2,"Rising Pune Supergiant","Mumbai Indians",6,2
"AM Rahane",6-Jun-88,2,2,"Rising Pune Supergiant","Mumbai Indians",6,3
"MJ McClenaghan",11-Jun-86,2,2,"Rising Pune Supergiant","Mumbai Indians",6,3
"AM Rahane",6-Jun-88,2,2,"Rising Pune Supergiant","Mumbai Indians",6,4
"MJ McClenaghan",11-Jun-86,2,2,"Rising Pune Supergiant","Mumbai Indians",6,4
"AM Rahane",6-Jun-88,2,2,"Rising Pune Supergiant","Mumbai Indians",6,5
"MJ McClenaghan",11-Jun-86,2,2,"Rising Pune Supergiant","Mumbai Indians",6,5
"AM Rahane",6-Jun-88,2,2,"Rising Pune Supergiant","Mumbai Indians",6,6
"MJ McClenaghan",11-Jun-86,2,2,"Rising Pune Supergiant","Mumbai Indians",6,6
"AM Rahane",6-Jun-88,2,2,"Rising Pune Supergiant","Mumbai Indians",7,1
"HH Pandya",11-Oct-93,2,2,"Rising Pune Supergiant","Mumbai Indians",7,1
"HH Pandya",11-Oct-93,2,2,"Rising Pune Supergiant","Mumbai Indians",7,2
"SPD Smith",2-Jun-89,2,2,"Rising Pune Supergiant","Mumbai Indians",7,2
"HH Pandya",11-Oct-93,2,2,"Rising Pune Supergiant","Mumbai Indians",7,3
"SPD Smith",2-Jun-89,2,2,"Rising Pune Supergiant","Mumbai Indians",7,3
"AM Rahane",6-Jun-88,2,2,"Rising Pune Supergiant","Mumbai Indians",7,4
"HH Pandya",11-Oct-93,2,2,"Rising Pune Supergiant","Mumbai Indians",7,4
"HH Pandya",11-Oct-93,2,2,"Rising Pune Supergiant","Mumbai Indians",7,5
"SPD Smith",2-Jun-89,2,2,"Rising Pune Supergiant","Mumbai Indians",7,5
"HH Pandya",11-Oct-93,2,2,"Rising Pune Supergiant","Mumbai Indians",7,6
"SPD Smith",2-Jun-89,2,2,"Rising Pune Supergiant","Mumbai Indians",7,6
"KH Pandya",24-Mar-91,2,2,"Rising Pune Supergiant","Mumbai Indians",8,1
"SPD Smith",2-Jun-89,2,2,"Rising Pune Supergiant","Mumbai Indians",8,1
"KH Pandya",24-Mar-91,2,2,"Rising Pune Supergiant","Mumbai Indians",8,2
"SPD Smith",2-Jun-89,2,2,"Rising Pune Supergiant","Mumbai Indians",8,2
"KH Pandya",24-Mar-91,2,2,"Rising Pune Supergiant","Mumbai Indians",8,3
"SPD Smith",2-Jun-89,2,2,"Rising Pune Supergiant","Mumbai Indians",8,3
"KH Pandya",24-Mar-91,2,2,"Rising Pune Supergiant","Mumbai Indians",8,4
"SPD Smith",2-Jun-89,2,2,"Rising Pune Supergiant","Mumbai Indians",8,4
"KH Pandya",24-Mar-91,2,2,"Rising Pune Supergiant","Mumbai Indians",8,5
"SPD Smith",2-Jun-89,2,2,"Rising Pune Supergiant","Mumbai Indians",8,5
"AM Rahane",6-Jun-88,2,2,"Rising Pune Supergiant","Mumbai Indians",8,6
"KH Pandya",24-Mar-91,2,2,"Rising Pune Supergiant","Mumbai Indians",8,6
"AM Rahane",6-Jun-88,2,2,"Rising Pune Supergiant","Mumbai Indians",9,1
"HH Pandya",11-Oct-93,2,2,"Rising Pune Supergiant","Mumbai Indians",9,1
"AM Rahane",6-Jun-88,2,2,"Rising Pune Supergiant","Mumbai Indians",9,2
"HH Pandya",11-Oct-93,2,2,"Rising Pune Supergiant","Mumbai Indians",9,2
"AM Rahane",6-Jun-88,2,2,"Rising Pune Supergiant","Mumbai Indians",9,3
"HH Pandya",11-Oct-93,2,2,"Rising Pune Supergiant","Mumbai Indians",9,3
"HH Pandya",11-Oct-93,2,2,"Rising Pune Supergiant","Mumbai Indians",9,4
"SPD Smith",2-Jun-89,2,2,"Rising Pune Supergiant","Mumbai Indians",9,4
"HH Pandya",11-Oct-93,2,2,"Rising Pune Supergiant","Mumbai Indians",9,5
"SPD Smith",2-Jun-89,2,2,"Rising Pune Supergiant","Mumbai Indians",9,5
"AM Rahane",6-Jun-88,2,2,"Rising Pune Supergiant","Mumbai Indians",9,6
"HH Pandya",11-Oct-93,2,2,"Rising Pune Supergiant","Mumbai Indians",9,6
"AM Rahane",6-Jun-88,2,2,"Rising Pune Supergiant","Mumbai Indians",10,1
"KH Pandya",24-Mar-91,2,2,"Rising Pune Supergiant","Mumbai Indians",10,1
"AM Rahane",6-Jun-88,2,2,"Rising Pune Supergiant","Mumbai Indians",10,2
"KH Pandya",24-Mar-91,2,2,"Rising Pune Supergiant","Mumbai Indians",10,2
